g_number,g_price,g_details,g_picture,g_color,g_size,g_brand
100042379746,4099.00,商品名称：小度XD-SDB21-2201&商品编号：100042379746&商品毛重：1.93kg&商品产地：中国大陆&屏幕尺寸：13.3英寸&学生模式：含学生模式&附加功能：真人发音，摄像头功能，拍照学习&内存容量：256GB&类型：学习机&适用人群：小学，初中生，高中生&运行内存：6GB&接口：Type-C&家长管控：可管控&内核：八核&支持IPv6：支持IPv6&电池容量：8001-9000mAh&,http://img11.360buyimg.com/n1/s450x450_jfs/t1/66168/18/22499/113883/645c5b58F7db4f537/145acabf15de6b40.jpg,年度新品-Z20 Plus智学版6+256G,,小度
100014352499,2599.00,商品名称：AppleiPad（第九代） &商品编号：100014352499&商品毛重：0.9kg&商品产地：中国大陆&内存容量：64GB&是否支持专用键盘：支持专用键盘&类型：其他&系统：iPadOS&厚度：7.1-9mm&屏幕尺寸：10.2英寸&运行内存：其他&处理器：A13&分辨率：2160*1620&支持IPv6：不支持IPv6&特性：指纹识别&颜色：灰色&,http://img14.360buyimg.com/n1/s450x450_jfs/t1/113826/13/34606/25228/645c897eF690ee0cc/638d2a79a1342bba.jpg,深空灰色,iPad9代 64G WLAN版,Apple
100014352553,2599.00,商品名称：AppleiPad（第九代） &商品编号：100014352553&商品毛重：0.87kg&商品产地：中国大陆&内存容量：64GB&是否支持专用键盘：支持专用键盘&类型：其他&系统：iPadOS&厚度：7.1-9mm&屏幕尺寸：10.2英寸&运行内存：其他&处理器：A13&分辨率：2160*1620&支持IPv6：不支持IPv6&特性：指纹识别&颜色：银色&,http://img13.360buyimg.com/n1/s450x450_jfs/t1/160410/17/38272/24822/645c8971F8adca2a9/2f788e554dd74fd7.jpg,银色,iPad9代 64G WLAN版,Apple
100028614699,1199.00,商品名称：荣耀HEY-W09&商品编号：100028614699&商品毛重：0.85kg&商品产地：中国大陆&内存容量：128GB&分辨率：2000*1200&学生模式：含学生模式&类型：娱乐平板&支持IPv6：支持IPv6&护眼模式：莱茵认证&系统：Android&处理器：高通680&厚度：7.0mm以下&是否支持专用键盘：支持专用键盘&运行内存：4GB&CPU核心数：八核&家长管控：可管控&屏幕尺寸：12英寸&特性：分屏应用&颜色：蓝色&,http://img14.360buyimg.com/n1/s450x450_jfs/t1/132538/14/36422/69287/6459fd36F26b79325/4e1b4c1d7a570382.jpg,【荣耀平板8】曙光蓝,4+128GB,荣耀（HONOR）
100033895888,1999.00,商品名称：联想拯救者Y700&商品编号：100033895888&商品毛重：0.85kg&商品产地：中国大陆&可扩展容量：最大支持1TB&分辨率：2560*1600&类型：娱乐平板&系统：Android&厚度：7.1-9mm&特性：分屏应用&屏幕尺寸：8.8英寸&学生模式：含学生模式&支持IPv6：支持IPv6&护眼模式：莱茵认证&处理器：高通骁龙870&是否支持专用键盘：不支持专用键盘&运行内存：12GB&内存容量：256GB&家长管控：可管控&优选服务：两年质保&CPU核心数：八核&颜色：灰色&,http://img13.360buyimg.com/n1/s450x450_jfs/t1/149767/34/32135/94435/645dad47Fad7d1811/c8adfe15bc273045.jpg,拯救者Y700 钛晶灰,12+256GB,联想（Lenovo）
10058741790192,570.00,商品名称：第三星种X30Pro&商品编号：10058741790192&店铺： 超时空电脑办公专营店&商品毛重：1.5kg&商品产地：中国大陆&货号：769760900813&屏幕尺寸：其他&可扩展容量：最大支持512GB&是否支持专用键盘：支持专用键盘&内存容量：512GB&支持IPv6：支持IPv6&优选服务：三年质保&系统：Android&学生模式：含学生模式&厚度：7.0mm以下&CPU核心数：十核&运行内存：12GB&类型：娱乐平板&家长管控：可管控&分辨率：2560*1600&特性：窄边框&颜色：其他&,http://img12.360buyimg.com/n1/jfs/t1/106219/11/40172/85161/642f898fFb0c1fd56/ea2badf08fcc6179.jpg,流光银丨12+128G丨12英寸+定制原装鼠标键盘,,第三星种
100026667924,3799.00,商品名称：AppleiPad（第九代） &商品编号：100026667924&商品毛重：0.87kg&商品产地：中国大陆&屏幕尺寸：10.2英寸&是否支持专用键盘：支持专用键盘&类型：其他&系统：iPadOS&厚度：7.1-9mm&分辨率：2160*1620&运行内存：其他&内存容量：256GB&处理器：A13&支持IPv6：不支持IPv6&特性：指纹识别&颜色：灰色&,http://img14.360buyimg.com/n1/s450x450_jfs/t1/167404/3/37439/25172/645c895aF8df107e0/6f5101ab886fbd88.jpg,深空灰色,iPad9代 256G WLAN版,Apple
100027743464,2439.00,商品名称：AppleiPad（第九代） &商品编号：100027743464&商品毛重：0.88kg&商品产地：中国大陆&屏幕尺寸：10.2英寸&分辨率：2160*1620&类型：办公平板&系统：iPadOS&厚度：7.1-9mm&支持IPv6：不支持IPv6&运行内存：其他&内存容量：64GB&处理器：A13&是否支持专用键盘：支持专用键盘&特性：指纹识别&颜色：灰色&,http://img14.360buyimg.com/n1/s450x450_jfs/t1/183814/32/34880/27254/645c89f5F74d2d46d/3c0874579e98ec04.jpg,深空灰色,iPad9代 64G WLAN版,Apple
100055158141,2499.00,商品名称：华为HUAWEI MatePad 11英寸2023款&商品编号：100055158141&商品毛重：0.9kg&商品产地：中国大陆&内存容量：128GB&分辨率：2560*1600&支持IPv6：支持IPv6&系统：HarmonyOS&厚度：7.1-9mm&热门机型：华为 MatePad&屏幕尺寸：11英寸&运行内存：8GB&类型：学习平板&颜色：黑色&,http://img11.360buyimg.com/n1/s450x450_jfs/t1/168932/31/35844/26363/64256d80F6fe8a537/a2e1e65a5849eae0.jpg,【MatePad11新品】曜石黑,8+128GB,华为（HUAWEI）
100019501382,949.00,商品名称：荣耀荣耀平板7&商品编号：100019501382&商品毛重：0.72kg&商品产地：中国大陆&内存容量：128GB&可扩展容量：最大支持512GB&分辨率：1920*1200&类型：娱乐平板&护眼模式：莱茵认证&系统：Android&厚度：7.1-9mm&支持IPv6：支持IPv6&运行内存：4GB&学生模式：含学生模式&家长管控：可管控&屏幕尺寸：10.1英寸&特性：分屏应用&颜色：绿色&,http://img12.360buyimg.com/n1/s450x450_jfs/t1/195387/37/36060/62459/64560a3bFc150a612/07094aec61822338.jpg,【金榜爆款】4+128G 薄荷绿,,荣耀（HONOR）
100044025895,3599.00,商品名称：AppleiPad（第十代） &商品编号：100044025895&商品毛重：0.9kg&商品产地：中国大陆&屏幕尺寸：10.9英寸&是否支持专用键盘：支持专用键盘&类型：学习平板&系统：iPadOS&处理器：A14&支持IPv6：不支持IPv6&运行内存：其他&厚度：7.0mm以下&分辨率：2360*1640&内存容量：64GB&特性：指纹识别&颜色：蓝色&,http://img10.360buyimg.com/n1/s450x450_jfs/t1/168402/6/30833/24950/634ee32dEf4e97c55/a4c1ecc8e1989c22.jpg,蓝色,iPad10代 64G WLAN版,Apple
100044025811,6799.00,商品名称：Apple11英寸 ipad Pro（第四代）&商品编号：100044025811&商品毛重：0.87kg&商品产地：中国大陆&屏幕尺寸：11英寸&分辨率：2388*1668&支持IPv6：不支持IPv6&系统：iPadOS&厚度：7.0mm以下&类型：其他&运行内存：其他&处理器：Apple M2芯片&是否支持专用键盘：支持专用键盘&内存容量：128GB&CPU核心数：八核&颜色：灰色&,http://img11.360buyimg.com/n1/s450x450_jfs/t1/177739/7/29917/62228/634ee1c0Edf2cbba5/90cae02302ce2e7c.jpg,11英寸 灰色,WLAN版 128G,Apple
100042807754,1499.00,商品名称：华为HUAWEI MatePad SE&商品编号：100042807754&商品毛重：0.7kg&商品产地：中国大陆&内存容量：128GB&分辨率：2000*1200&支持IPv6：支持IPv6&护眼模式：莱茵认证&系统：HarmonyOS&厚度：7.1-9mm&运行内存：6GB&屏幕尺寸：10.4英寸&热门机型：华为 MatePad&类型：学习平板&颜色：蓝色&,http://img14.360buyimg.com/n1/s450x450_jfs/t1/133033/36/30292/33612/63ee0d4cFe4d0c33f/7f908cd09d4631e4.jpg,【MatePad SE WiFi版】海岛蓝,6+128GB,华为（HUAWEI）
100026667972,3799.00,商品名称：AppleiPad（第九代） &商品编号：100026667972&商品毛重：0.9kg&商品产地：中国大陆&屏幕尺寸：10.2英寸&是否支持专用键盘：支持专用键盘&类型：其他&系统：iPadOS&厚度：7.1-9mm&分辨率：2160*1620&运行内存：其他&内存容量：256GB&处理器：A13&支持IPv6：不支持IPv6&特性：指纹识别&颜色：银色&,http://img12.360buyimg.com/n1/s450x450_jfs/t1/220882/5/22971/24766/645c8946Fac21f26e/e19fec415838cd4f.jpg,银色,iPad9代 256G WLAN版,Apple
100056664655,2499.00,商品名称：vivoPA2373&商品编号：100056664655&商品毛重：1.067kg&商品产地：中国大陆&内存容量：128GB&是否支持专用键盘：支持专用键盘&支持IPv6：支持IPv6&护眼模式：莱茵认证&系统：Android&CPU核心数：八核&类型：办公平板&热门机型：vivo pad2&厚度：7.0mm以下&屏幕尺寸：12.1英寸&运行内存：8GB&分辨率：2800*2000&颜色：蓝色&,http://img10.360buyimg.com/n1/s450x450_jfs/t1/173234/3/37650/55864/645dec18Febefc902/a741319bfecdffd8.jpg,晴海蓝,8GB+128GB,vivo
100056375423,2499.00,商品名称：小米23046RP50C&商品编号：100056375423&商品毛重：1.07kg&商品产地：中国大陆&屏幕尺寸：11英寸&是否支持专用键盘：支持专用键盘&类型：办公平板&护眼模式：莱茵认证&系统：Android&支持IPv6：支持IPv6&CPU核心数：八核&内存容量：128GB&热门机型：小米平板&厚度：7.0mm以下&运行内存：8GB&分辨率：2880*1800&特性：分屏应用，窄边框，高保真音质，AI智能语音&颜色：黑色&,http://img13.360buyimg.com/n1/s450x450_jfs/t1/200617/31/33631/98760/6454ef47F599f03bd/21974a67700a4735.jpg,新【平板6Pro 骁龙8+】黑色,8+128GB/144Hz/2.8K,小米（MI）
100049840937,5099.00,商品名称：小度XD-SDD15-2201&商品编号：100049840937&商品毛重：3.62kg&商品产地：中国大陆&屏幕尺寸：15.6英寸&学生模式：含学生模式&类型：学习机&支持IPv6：支持IPv6&内存容量：256GB&运行内存：6GB&接口：USB&家长管控：可管控&内核：八核&电池容量：电源供电&附加功能：支持屏幕手写，AI人脸识别，拍照学习&,http://img12.360buyimg.com/n1/s450x450_jfs/t1/217516/2/26492/137048/645c5bafF7cd8ab77/db4afbddf5b96ecb.jpg,【15.6英寸大屏6+256G】P20Plus,,小度
100056375403,2499.00,商品名称：小米23046RP50C&商品编号：100056375403&商品毛重：1.07kg&商品产地：中国大陆&屏幕尺寸：11英寸&是否支持专用键盘：支持专用键盘&类型：办公平板&护眼模式：莱茵认证&系统：Android&支持IPv6：支持IPv6&厚度：7.0mm以下&CPU核心数：八核&运行内存：8GB&热门机型：小米平板&分辨率：2880*1800&内存容量：128GB&特性：分屏应用，窄边框，高保真音质，AI智能语音&颜色：蓝色&,http://img13.360buyimg.com/n1/s450x450_jfs/t1/93076/19/38071/101453/6454ef70F58b09006/dc59f7bc3d5d103d.jpg,新【平板6Pro 骁龙8+】远山蓝,8+128GB/144Hz/2.8K,小米（MI）
100027743410,2439.00,商品名称：AppleiPad（第九代） &商品编号：100027743410&商品毛重：0.884kg&商品产地：中国大陆&屏幕尺寸：10.2英寸&分辨率：2160*1620&类型：办公平板&系统：iPadOS&厚度：7.1-9mm&支持IPv6：不支持IPv6&运行内存：其他&内存容量：64GB&处理器：A13&是否支持专用键盘：支持专用键盘&特性：指纹识别&颜色：银色&,http://img10.360buyimg.com/n1/s450x450_jfs/t1/165175/13/24406/26908/645c89e8F6b603595/28f03d40f448a8d2.jpg,银色,iPad9代 64G WLAN版,Apple
100034709996,5999.00,商品名称：AppleiPad Air（第五代）&商品编号：100034709996&商品毛重：0.9kg&商品产地：中国大陆&屏幕尺寸：10.9英寸&是否支持专用键盘：支持专用键盘&类型：娱乐平板&系统：iPadOS&运行内存：其他&厚度：7.0mm以下&内存容量：256GB&热门机型：iPad Air&分辨率：2360*1640&CPU核心数：八核&支持IPv6：不支持IPv6&处理器：Apple M1芯片&颜色：紫色&,http://img11.360buyimg.com/n1/s450x450_jfs/t1/3288/20/21422/34754/645b5777Fd80d1f48/dbe3d6b040ab7a33.jpg,紫色,WLAN版 256G,Apple
100044025883,3599.00,商品名称：AppleiPad（第十代） &商品编号：100044025883&商品毛重：0.9kg&商品产地：中国大陆&屏幕尺寸：10.9英寸&是否支持专用键盘：支持专用键盘&类型：学习平板&系统：iPadOS&处理器：A14&支持IPv6：不支持IPv6&运行内存：其他&厚度：7.0mm以下&分辨率：2360*1640&内存容量：64GB&特性：指纹识别&颜色：粉色&,http://img13.360buyimg.com/n1/s450x450_jfs/t1/142708/9/28628/24935/634ee3dbE881c1dbb/2ea8b50dc2323b48.jpg,粉色,iPad10代 64G WLAN版,Apple
100044025833,3599.00,商品名称：AppleiPad（第十代） &商品编号：100044025833&商品毛重：0.88kg&商品产地：中国大陆&屏幕尺寸：10.9英寸&分辨率：2360*1640&支持IPv6：不支持IPv6&系统：iPadOS&处理器：A14&内存容量：64GB&运行内存：其他&是否支持专用键盘：支持专用键盘&类型：学习平板&厚度：7.1-9mm&特性：指纹识别&颜色：银色&,http://img13.360buyimg.com/n1/s450x450_jfs/t1/33912/30/17174/20445/634ede50E3a7a6580/dbc0613534a10bba.jpg,银色,iPad10代 64G WLAN版,Apple
100042807794,1299.00,商品名称：华为HUAWEI MatePad SE&商品编号：100042807794&商品毛重：0.7kg&商品产地：中国大陆&内存容量：128GB&分辨率：2000*1200&支持IPv6：支持IPv6&护眼模式：莱茵认证&系统：HarmonyOS&厚度：7.1-9mm&运行内存：4GB&屏幕尺寸：10.4英寸&热门机型：华为 MatePad&类型：学习平板&颜色：蓝色&,http://img14.360buyimg.com/n1/s450x450_jfs/t1/90206/5/34965/33612/63ee0cc3F62f8b9e4/87aba75f7f2c7cd7.jpg,【MatePad SE WiFi版】海岛蓝,4+128GB,华为（HUAWEI）
100044025861,7599.00,商品名称：Apple11英寸 ipad Pro（第四代）&商品编号：100044025861&商品毛重：0.92kg&商品产地：中国大陆&屏幕尺寸：11英寸&是否支持专用键盘：支持专用键盘&类型：其他&系统：iPadOS&厚度：7.0mm以下&分辨率：2388*1668&运行内存：其他&处理器：Apple M2芯片&CPU核心数：八核&支持IPv6：不支持IPv6&内存容量：256GB&颜色：灰色&,http://img11.360buyimg.com/n1/s450x450_jfs/t1/193043/11/29788/62228/634ee3ebE0ae208fd/e2519f90cc5320b5.jpg,11英寸 灰色,WLAN版 256G,Apple
100015068401,3639.00,商品名称：AppleiPad（第九代） &商品编号：100015068401&商品毛重：0.876kg&商品产地：中国大陆&屏幕尺寸：10.2英寸&是否支持专用键盘：支持专用键盘&类型：办公平板&系统：iPadOS&厚度：7.1-9mm&支持IPv6：不支持IPv6&运行内存：其他&分辨率：2160*1620&内存容量：256GB&处理器：A13&特性：指纹识别&颜色：灰色&,http://img11.360buyimg.com/n1/s450x450_jfs/t1/129656/33/32696/27364/645c89d8Fc658f778/5dfd8ffd17be09ea.jpg,深空灰色,iPad9代 256G WLAN版,Apple
100027743438,3639.00,商品名称：AppleiPad（第九代） &商品编号：100027743438&商品毛重：0.885kg&商品产地：中国大陆&屏幕尺寸：10.2英寸&是否支持专用键盘：支持专用键盘&类型：办公平板&系统：iPadOS&厚度：7.1-9mm&支持IPv6：不支持IPv6&运行内存：其他&分辨率：2160*1620&内存容量：256GB&处理器：A13&特性：指纹识别&颜色：银色&,http://img13.360buyimg.com/n1/s450x450_jfs/t1/127255/26/35325/26953/645c89cdFcd182891/23e1610c4108c515.jpg,银色,iPad9代 256G WLAN版,Apple
100043442011,1299.00,商品名称：小米Redmi平板&商品编号：100043442011&商品毛重：0.79kg&商品产地：中国大陆&屏幕尺寸：10.6英寸&可扩展容量：最大支持1TB&分辨率：2000*1200&类型：娱乐平板&护眼模式：莱茵认证&系统：Android&厚度：7.1-9mm&内存容量：128GB&热门机型：小米平板&CPU核心数：八核&支持IPv6：支持IPv6&运行内存：6GB&特性：机身防水，分屏应用，高保真音质，AI智能语音&颜色：其他&,http://img11.360buyimg.com/n1/s450x450_jfs/t1/150159/15/32388/63206/6458bbc7F8bb6c886/07a5aa6940fd7483.jpg,Redmi平板 烟青绿,6+128GB/2K/90Hz,小米（MI）
100042807792,1499.00,商品名称：华为HUAWEI MatePad SE&商品编号：100042807792&商品毛重：0.71kg&商品产地：中国大陆&内存容量：128GB&分辨率：2000*1200&支持IPv6：支持IPv6&护眼模式：莱茵认证&系统：HarmonyOS&厚度：7.1-9mm&运行内存：6GB&屏幕尺寸：10.4英寸&热门机型：华为 MatePad&类型：学习平板&颜色：黑色&,http://img12.360buyimg.com/n1/s450x450_jfs/t1/184398/28/31898/33240/63ee0d09F35cf0631/42b67c3e90283afb.jpg,【MatePad SE WiFi版】曜石黑,6+128GB,华为（HUAWEI）
100048837236,3099.00,商品名称：小米23046RP50C&商品编号：100048837236&商品毛重：1.07kg&商品产地：中国大陆&屏幕尺寸：11英寸&分辨率：2880*1800&类型：办公平板&护眼模式：莱茵认证&系统：Android&支持IPv6：支持IPv6&CPU核心数：八核&内存容量：256GB&热门机型：小米平板&厚度：7.0mm以下&是否支持专用键盘：支持专用键盘&运行内存：12GB&特性：分屏应用，窄边框，高保真音质，AI智能语音&颜色：黑色&,http://img11.360buyimg.com/n1/s450x450_jfs/t1/207431/28/21489/99012/6454eff1F493baf0b/27e4cd039ab35a40.jpg,新【平板6Pro 骁龙8+】黑色,12+256GB/144Hz/2.8K,小米（MI）
100042807778,1299.00,商品名称：华为HUAWEI MatePad SE&商品编号：100042807778&商品毛重：0.667kg&商品产地：中国大陆&内存容量：128GB&分辨率：2000*1200&支持IPv6：支持IPv6&护眼模式：莱茵认证&系统：HarmonyOS&厚度：7.1-9mm&运行内存：4GB&屏幕尺寸：10.4英寸&热门机型：华为 MatePad&类型：学习平板&颜色：黑色&,http://img13.360buyimg.com/n1/s450x450_jfs/t1/118704/26/32126/33240/63ee09f5Fef6b3672/24197cf8cf0a64b8.jpg,【MatePad SE WiFi版】曜石黑,4+128GB,华为（HUAWEI）
100049840937,5099.00,商品名称：小度XD-SDD15-2201&商品编号：100049840937&商品毛重：3.62kg&商品产地：中国大陆&屏幕尺寸：15.6英寸&学生模式：含学生模式&类型：学习机&支持IPv6：支持IPv6&内存容量：256GB&运行内存：6GB&接口：USB&家长管控：可管控&内核：八核&电池容量：电源供电&附加功能：支持屏幕手写，AI人脸识别，拍照学习&,http://img12.360buyimg.com/n1/s450x450_jfs/t1/217516/2/26492/137048/645c5bafF7cd8ab77/db4afbddf5b96ecb.jpg,【15.6英寸大屏6+256G】P20Plus,,小度
100044025843,4799.00,商品名称：AppleiPad（第十代） &商品编号：100044025843&商品毛重：0.88kg&商品产地：中国大陆&屏幕尺寸：10.9英寸&分辨率：2360*1640&类型：学习平板&系统：iPadOS&处理器：A14&支持IPv6：不支持IPv6&运行内存：其他&内存容量：256GB&厚度：7.0mm以下&是否支持专用键盘：支持专用键盘&特性：指纹识别&颜色：蓝色&,http://img13.360buyimg.com/n1/s450x450_jfs/t1/7938/3/20952/24950/634ee59eE08bf37a6/d1b88de318a1ca99.jpg,蓝色,iPad10代 256G WLAN版,Apple
100039097294,1099.00,商品名称：联想小新PAD&商品编号：100039097294&商品毛重：0.759kg&商品产地：中国大陆&可扩展容量：最大支持1TB&分辨率：2000*1200&类型：娱乐平板&优选服务：两年质保&厚度：7.1-9mm&特性：分屏应用&屏幕尺寸：10.6英寸&学生模式：含学生模式&支持IPv6：支持IPv6&护眼模式：莱茵认证&CPU核心数：八核&运行内存：6GB&系统：Android&家长管控：可管控&内存容量：128GB&是否支持专用键盘：不支持专用键盘&颜色：灰色&,http://img14.360buyimg.com/n1/s450x450_jfs/t1/96456/40/37638/87491/645cc1ddFe8114e4a/242a2d2646308d76.jpg,【pad 深空灰】,6+128GB,联想（Lenovo）
100044025889,4799.00,商品名称：AppleiPad（第十代） &商品编号：100044025889&商品毛重：0.87kg&商品产地：中国大陆&屏幕尺寸：10.9英寸&分辨率：2360*1640&类型：学习平板&系统：iPadOS&处理器：A14&支持IPv6：不支持IPv6&运行内存：其他&内存容量：256GB&厚度：7.0mm以下&是否支持专用键盘：支持专用键盘&特性：指纹识别&颜色：粉色&,http://img14.360buyimg.com/n1/s450x450_jfs/t1/103813/4/27165/24935/634ee627E62cd8fc5/c85254cc62d7c8bd.jpg,粉色,iPad10代 256G WLAN版,Apple
100056375405,2799.00,商品名称：小米23046RP50C&商品编号：100056375405&商品毛重：1.08kg&商品产地：中国大陆&屏幕尺寸：11英寸&是否支持专用键盘：支持专用键盘&类型：办公平板&护眼模式：莱茵认证&系统：Android&支持IPv6：支持IPv6&CPU核心数：八核&内存容量：256GB&热门机型：小米平板&厚度：7.0mm以下&运行内存：8GB&分辨率：2880*1800&特性：分屏应用，窄边框，高保真音质，AI智能语音&颜色：蓝色&,http://img10.360buyimg.com/n1/s450x450_jfs/t1/118904/37/35217/101412/6454efacFd8bc7c9b/1d40e3e79b64b5e4.jpg,新【平板6Pro 骁龙8+】远山蓝,8+256GB/144Hz/2.8K,小米（MI）
100028614695,1199.00,商品名称：荣耀HEY-W09&商品编号：100028614695&商品毛重：0.86kg&商品产地：中国大陆&内存容量：128GB&分辨率：2000*1200&学生模式：含学生模式&类型：娱乐平板&支持IPv6：支持IPv6&护眼模式：莱茵认证&系统：Android&处理器：高通680&厚度：7.0mm以下&是否支持专用键盘：支持专用键盘&运行内存：4GB&CPU核心数：八核&家长管控：可管控&屏幕尺寸：12英寸&特性：分屏应用&颜色：绿色&,http://img10.360buyimg.com/n1/s450x450_jfs/t1/217477/5/29468/67154/6459fd36F67e85eaa/8ad44a395fd4eb09.jpg,【荣耀平板8】薄荷绿,4+128GB,荣耀（HONOR）
100044025905,4799.00,商品名称：AppleiPad（第十代） &商品编号：100044025905&商品毛重：0.894kg&商品产地：中国大陆&屏幕尺寸：10.9英寸&分辨率：2360*1640&支持IPv6：不支持IPv6&系统：iPadOS&处理器：A14&类型：学习平板&运行内存：其他&内存容量：256GB&厚度：7.0mm以下&是否支持专用键盘：支持专用键盘&特性：指纹识别&颜色：银色&,http://img10.360buyimg.com/n1/s450x450_jfs/t1/179073/30/29663/20445/634ee4f3E7055f803/a005935defbb944c.jpg,银色,iPad10代 256G WLAN版,Apple
100043442013,1299.00,商品名称：小米Redmi平板&商品编号：100043442013&商品毛重：0.79kg&商品产地：中国大陆&屏幕尺寸：10.6英寸&可扩展容量：最大支持1TB&分辨率：2000*1200&类型：娱乐平板&护眼模式：莱茵认证&系统：Android&厚度：7.1-9mm&CPU核心数：八核&热门机型：小米平板&运行内存：6GB&支持IPv6：支持IPv6&内存容量：128GB&特性：机身防水，分屏应用，高保真音质，AI智能语音&颜色：灰色&,http://img13.360buyimg.com/n1/s450x450_jfs/t1/219736/33/29207/63708/6458d5eeFa7b7016b/169b7d3895251495.jpg,Redmi平板 深灰色,6+128GB/2K/90Hz,小米（MI）
100047008828,2999.00,商品名称：华为HUAWEI MatePad 11英寸2023款&商品编号：100047008828&商品毛重：0.91kg&商品产地：中国大陆&屏幕尺寸：11英寸&分辨率：2560*1600&类型：学习平板&系统：HarmonyOS&CPU核心数：八核&热门机型：华为 MatePad&内存容量：256GB&厚度：7.1-9mm&运行内存：8GB&支持IPv6：支持IPv6&颜色：黑色&,http://img13.360buyimg.com/n1/s450x450_jfs/t1/217414/30/24704/27720/64256f09F588795fd/2fc88f20bd61db5f.jpg,【MatePad11柔光版】曜石黑,8+256GB,华为（HUAWEI）
100056664651,2499.00,商品名称：vivoPA2373&商品编号：100056664651&商品毛重：1.067kg&商品产地：中国大陆&内存容量：128GB&是否支持专用键盘：支持专用键盘&支持IPv6：支持IPv6&护眼模式：莱茵认证&系统：Android&CPU核心数：八核&运行内存：8GB&类型：办公平板&厚度：7.0mm以下&屏幕尺寸：12.1英寸&分辨率：2800*2000&颜色：紫色&,http://img11.360buyimg.com/n1/s450x450_jfs/t1/173827/10/36594/54960/645dec80F6a5b3dcd/a47e99167e135a85.jpg,星云紫,8GB+128GB,vivo
100056375401,2799.00,商品名称：小米23046RP50C&商品编号：100056375401&商品毛重：1.07kg&商品产地：中国大陆&屏幕尺寸：11英寸&是否支持专用键盘：支持专用键盘&类型：办公平板&护眼模式：莱茵认证&系统：Android&支持IPv6：支持IPv6&CPU核心数：八核&内存容量：256GB&热门机型：小米平板&厚度：7.0mm以下&运行内存：8GB&分辨率：2880*1800&特性：分屏应用，窄边框，高保真音质，AI智能语音&颜色：黑色&,http://img11.360buyimg.com/n1/s450x450_jfs/t1/212055/33/29638/98719/6454ef95F47371688/bf4503cee9180c47.jpg,新【平板6Pro 骁龙8+】黑色,8+256GB/144Hz/2.8K,小米（MI）
100043442019,1099.00,商品名称：小米Redmi平板&商品编号：100043442019&商品毛重：0.79kg&商品产地：中国大陆&屏幕尺寸：10.6英寸&可扩展容量：最大支持1TB&分辨率：2000*1200&类型：娱乐平板&护眼模式：莱茵认证&系统：Android&厚度：7.1-9mm&CPU核心数：八核&运行内存：4GB&热门机型：小米平板&支持IPv6：支持IPv6&内存容量：128GB&特性：机身防水，分屏应用，高保真音质，AI智能语音&颜色：灰色&,http://img14.360buyimg.com/n1/s450x450_jfs/t1/174421/27/32359/63745/6458bb4bF6e8180ce/8401eaf8b18c1c35.jpg,Redmi平板 深灰色,4+128GB/2K/90Hz,小米（MI）
100045109165,3399.00,商品名称：AppleiPad（第十代） &商品编号：100045109165&商品毛重：0.9kg&商品产地：中国大陆&屏幕尺寸：10.9英寸&是否支持专用键盘：支持专用键盘&类型：学习平板&系统：iPadOS&处理器：A14&内存容量：64GB&运行内存：其他&厚度：7.0mm以下&分辨率：2360*1640&支持IPv6：不支持IPv6&特性：指纹识别&颜色：银色&,http://img10.360buyimg.com/n1/s450x450_jfs/t1/177258/14/30020/20445/63526e16E2478d4af/b418f484e4aff57b.jpg,银色,iPad10代 64G WLAN版,Apple
100055158137,2499.00,商品名称：华为HUAWEI MatePad 11英寸2023款&商品编号：100055158137&商品毛重：0.9kg&商品产地：中国大陆&内存容量：128GB&分辨率：2560*1600&支持IPv6：支持IPv6&系统：HarmonyOS&CPU核心数：八核&运行内存：8GB&屏幕尺寸：11英寸&厚度：7.1-9mm&类型：学习平板&热门机型：华为 MatePad&颜色：紫色&,http://img12.360buyimg.com/n1/s450x450_jfs/t1/178142/22/33808/25619/64256ddeFffb9a27c/e8329fb598d24e82.jpg,【MatePad11新品】流光紫,8+128GB,华为（HUAWEI）
100051302579,2299.00,商品名称：荣耀荣耀平板V8 Pro&商品编号：100051302579&商品毛重：0.99kg&商品产地：中国大陆&内存容量：128GB&学生模式：含学生模式&支持IPv6：支持IPv6&护眼模式：莱茵认证&系统：MagicOS&分辨率：2560*1600&CPU核心数：八核&类型：办公平板&运行内存：8GB&厚度：7.0mm以下&家长管控：可管控&是否支持专用键盘：支持专用键盘&屏幕尺寸：12.1英寸&颜色：灰色&,http://img14.360buyimg.com/n1/s450x450_jfs/t1/124590/13/33083/71886/6459fc20F27483cf3/4ebecc13a62efc8d.jpg,【V8 pro】星空灰,8+128GB,荣耀（HONOR）
100047008816,2699.00,商品名称：华为HUAWEI MatePad 11英寸2023款&商品编号：100047008816&商品毛重：0.9kg&商品产地：中国大陆&内存容量：128GB&分辨率：2560*1600&支持IPv6：支持IPv6&系统：HarmonyOS&CPU核心数：八核&运行内存：8GB&屏幕尺寸：11英寸&厚度：7.1-9mm&类型：学习平板&热门机型：华为 MatePad&颜色：白色&,http://img11.360buyimg.com/n1/s450x450_jfs/t1/38535/7/20195/27575/64256eebF82352546/1bfe56fea76dfd6d.jpg,【MatePad11柔光版】晶钻白,8+128GB,华为（HUAWEI）
100013225403,5298.00,商品名称：步步高P20H130&商品编号：100013225403&商品毛重：1.28kg&商品产地：中国大陆&屏幕尺寸：12.7英寸&学生模式：含学生模式&支持IPv6：支持IPv6&类型：学生平板&内存容量：256GB&适用人群：小学，初中生，高中生&运行内存：8GB&接口：Type-C&家长管控：可管控&附加功能：MP3播放，真人发音，摄像头功能&电池容量：8001-9000mAh&内核：八核&,http://img13.360buyimg.com/n1/s450x450_jfs/t1/193426/22/31661/148446/645ded8dF8ad269a3/ef5ff63d3217e7de.jpg,【旗舰S6 8+256G】,,步步高（BBK）
100034710060,4399.00,商品名称：AppleiPad Air（第五代）&商品编号：100034710060&商品毛重：0.86kg&商品产地：中国大陆&屏幕尺寸：10.9英寸&是否支持专用键盘：支持专用键盘&支持IPv6：不支持IPv6&系统：iPadOS&运行内存：其他&处理器：Apple M1芯片&厚度：7.0mm以下&热门机型：iPad Air&CPU核心数：八核&类型：娱乐平板&内存容量：64GB&分辨率：2360*1640&颜色：紫色&,http://img10.360buyimg.com/n1/s450x450_jfs/t1/208961/33/33196/35330/645b585fFfe76e997/5450d15ab6596f24.jpg,紫色,WLAN版 64G,Apple
100048837216,2099.00,商品名称：小米23043RP34C&商品编号：100048837216&商品毛重：1.055kg&商品产地：中国大陆&屏幕尺寸：11英寸&是否支持专用键盘：支持专用键盘&支持IPv6：支持IPv6&类型：办公平板&护眼模式：莱茵认证&系统：Android&厚度：7.0mm以下&处理器：高通骁龙870&CPU核心数：八核&运行内存：8GB&热门机型：小米平板&分辨率：2880*1800&内存容量：128GB&特性：分屏应用，窄边框，高保真音质，AI智能语音&颜色：蓝色&,http://img11.360buyimg.com/n1/s450x450_jfs/t1/137547/8/34946/100394/6454f110F7dee7065/c5f3678c27a25eac.jpg,新【小米平板6】远山蓝,8+128GB/144Hz/2.8K,小米（MI）
10064879697355,1688.00,商品名称：小米粽S90&商品编号：10064879697355&店铺： 小米粽官方旗舰店&商品毛重：1.6kg&商品产地：中国大陆&屏幕尺寸：12英寸&能效等级：一级能效&学生模式：含学生模式&是否支持专用键盘：支持专用键盘&类型：二合一平板&系统：Android&优选服务：三年质保&支持IPv6：不支持IPv6&厚度：7.0mm以下&CPU核心数：十核&运行内存：12GB&分辨率：2560*1600&家长管控：可管控&内存容量：512GB&特性：5G上网，分屏应用，3G或4G上网，窄边框，GPS导航，高保真音质，AI智能语音&颜色：灰色&,http://img10.360buyimg.com/n1/jfs/t1/196523/13/28490/34552/63652a77Ea9edd69f/2d9229895aa812a4.jpg,曜石灰,新Pro旗舰12G+512G原装键盘鼠标,小米粽
10066597543243,5199.00,商品名称：苹果（Apple）iPad Air&商品编号：10066597543243&店铺： APPLE聚石专卖店&商品毛重：1.2kg&屏幕尺寸：10.9英寸&分辨率：2360*1640&类型：娱乐平板&系统：iPadOS&厚度：7.0mm以下&运行内存：其他&内存容量：256GB&支持IPv6：不支持IPv6&颜色：其他&,http://img13.360buyimg.com/n1/jfs/t1/129469/34/35874/20571/6446547eF43333afb/53075d2123384b9b.jpg,灰色,256GB WLAN版 【官方标配】,苹果（Apple）
66770331092,6599.00,商品名称：苹果（Apple）A2762&商品编号：66770331092&店铺： APPLE翔合专卖店&商品毛重：466.00g&商品产地：其他&内存容量：128GB&分辨率：2388*1668&类型：其他&系统：iPadOS&厚度：7.0mm以下&热门机型：iPad Pro&支持IPv6：不支持IPv6&运行内存：其他&颜色：其他&,http://img12.360buyimg.com/n1/jfs/t1/108526/11/34635/75617/645fabd8F03dc2ddb/82718ed81801e8a5.jpg,11英寸【 128G 】【 灰色 】,WIFI版 【  官 方 标 配  】,苹果（Apple）
100049272624,4799.00,商品名称：BOE21A900&商品编号：100049272624&商品毛重：4.45kg&商品产地：中国大陆&内存容量：128GB&学生模式：含学生模式&类型：学生平板&护眼模式：莱茵认证&电池容量：电源供电&适用人群：学龄前，小学，初中生&运行内存：6GB&接口：USB&家长管控：可管控&屏幕尺寸：21.5英寸&支持IPv6：不支持IPv6&内核：八核&,http://img14.360buyimg.com/n1/s450x450_jfs/t1/133419/32/32485/141851/645c51ceF88069fd2/e029f2cf4559eeea.jpg,E3灵动版 6+128【新品上市】,,BOE
100019718243,4799.00,商品名称：AppleiPad Air（第五代）&商品编号：100019718243&商品毛重：0.9kg&商品产地：中国大陆&屏幕尺寸：10.9英寸&是否支持专用键盘：支持专用键盘&类型：娱乐平板&系统：iPadOS&内存容量：64GB&处理器：Apple M1芯片&厚度：7.0mm以下&运行内存：其他&CPU核心数：八核&支持IPv6：不支持IPv6&热门机型：iPad Air&分辨率：2360*1640&颜色：灰色&,http://img13.360buyimg.com/n1/s450x450_jfs/t1/96155/33/39800/29841/645b57c5Faa891935/2a44b158a44c3e2e.jpg,深空灰色,WLAN版 64G,Apple
100034710018,5599.00,商品名称：AppleiPad Air（第五代）&商品编号：100034710018&商品毛重：0.85kg&商品产地：中国大陆&屏幕尺寸：10.9英寸&是否支持专用键盘：支持专用键盘&类型：娱乐平板&系统：iPadOS&运行内存：其他&厚度：7.0mm以下&内存容量：256GB&热门机型：iPad Air&分辨率：2360*1640&CPU核心数：八核&支持IPv6：不支持IPv6&处理器：Apple M1芯片&颜色：紫色&,http://img13.360buyimg.com/n1/s450x450_jfs/t1/202483/6/29467/35330/645b5839F74d65596/755c5b5a8b539b82.jpg,紫色,WLAN版 256G,Apple
100019718287,4399.00,商品名称：AppleiPad Air（第五代）&商品编号：100019718287&商品毛重：0.856kg&商品产地：中国大陆&屏幕尺寸：10.9英寸&是否支持专用键盘：支持专用键盘&类型：娱乐平板&系统：iPadOS&内存容量：64GB&处理器：Apple M1芯片&厚度：7.0mm以下&运行内存：其他&CPU核心数：八核&支持IPv6：不支持IPv6&热门机型：iPad Air&分辨率：2360*1640&颜色：灰色&,http://img12.360buyimg.com/n1/s450x450_jfs/t1/88517/14/39442/30135/645b5855F22616630/1739e5a66ca5f6cc.jpg,深空灰色,WLAN版 64G,Apple
100028614703,1549.00,商品名称：荣耀HEY-W09&商品编号：100028614703&商品毛重：0.857kg&商品产地：中国大陆&内存容量：128GB&分辨率：2000*1200&学生模式：含学生模式&类型：娱乐平板&支持IPv6：支持IPv6&护眼模式：莱茵认证&系统：Android&处理器：高通680&厚度：7.0mm以下&是否支持专用键盘：支持专用键盘&运行内存：6GB&CPU核心数：八核&家长管控：可管控&屏幕尺寸：12英寸&特性：分屏应用&颜色：蓝色&,http://img13.360buyimg.com/n1/s450x450_jfs/t1/222389/25/27649/69279/6459fce2Fadf3aac9/abbf4e59df6fe35a.jpg,【荣耀平板8】曙光蓝,6+128GB,荣耀（HONOR）
100034709978,5999.00,商品名称：AppleiPad Air（第五代）&商品编号：100034709978&商品毛重：0.9kg&商品产地：中国大陆&屏幕尺寸：10.9英寸&是否支持专用键盘：支持专用键盘&支持IPv6：不支持IPv6&系统：iPadOS&类型：娱乐平板&厚度：7.0mm以下&内存容量：256GB&热门机型：iPad Air&分辨率：2360*1640&CPU核心数：八核&运行内存：其他&处理器：Apple M1芯片&颜色：蓝色&,http://img13.360buyimg.com/n1/s450x450_jfs/t1/98243/33/24899/41076/645b5785Fd5912767/7ffbf3edfe7294aa.jpg,蓝色,WLAN版 256G,Apple
100038829675,1099.00,商品名称：荣耀AGM3-W09HN &商品编号：100038829675&商品毛重：0.73kg&商品产地：中国大陆&内存容量：128GB&可扩展容量：最大支持512GB&分辨率：1920*1200&类型：娱乐平板&护眼模式：莱茵认证&系统：Android&支持IPv6：支持IPv6&厚度：7.1-9mm&学生模式：含学生模式&运行内存：6GB&CPU核心数：八核&家长管控：可管控&屏幕尺寸：10.1英寸&特性：分屏应用&颜色：蓝色&,http://img10.360buyimg.com/n1/s450x450_jfs/t1/202245/32/33533/59674/64560a8aFa1e8c0b3/2cf71fbf7ad09620.jpg,【热卖爆款X8】128G 曙光蓝,官方标配,荣耀（HONOR）
100048837194,1899.00,商品名称：小米23043RP34C&商品编号：100048837194&商品毛重：1.044kg&商品产地：中国大陆&屏幕尺寸：11英寸&分辨率：2880*1800&支持IPv6：支持IPv6&类型：办公平板&护眼模式：莱茵认证&系统：Android&厚度：7.0mm以下&处理器：高通骁龙870&CPU核心数：八核&热门机型：小米平板&运行内存：6GB&内存容量：128GB&是否支持专用键盘：支持专用键盘&特性：分屏应用，窄边框，高保真音质，AI智能语音&颜色：蓝色&,http://img14.360buyimg.com/n1/s450x450_jfs/t1/116681/3/35574/102698/645a31c7F7c83d5b3/b7caeb8c61f50a7c.jpg,新【小米平板6】远山蓝,6+128GB/144Hz/2.8K,小米（MI）
100034710000,4799.00,商品名称：AppleiPad Air（第五代）&商品编号：100034710000&商品毛重：0.9kg&商品产地：中国大陆&屏幕尺寸：10.9英寸&是否支持专用键盘：支持专用键盘&支持IPv6：不支持IPv6&系统：iPadOS&运行内存：其他&处理器：Apple M1芯片&厚度：7.0mm以下&热门机型：iPad Air&CPU核心数：八核&类型：娱乐平板&内存容量：64GB&分辨率：2360*1640&颜色：紫色&,http://img10.360buyimg.com/n1/s450x450_jfs/t1/14093/33/26734/34970/645b57a9F27dc74d8/1058fd8e84b55b08.jpg,紫色,WLAN版 64G,Apple
100047008818,2699.00,商品名称：华为HUAWEI MatePad 11英寸2023款&商品编号：100047008818&商品毛重：0.92kg&商品产地：中国大陆&内存容量：128GB&分辨率：2560*1600&支持IPv6：支持IPv6&系统：HarmonyOS&CPU核心数：八核&运行内存：8GB&屏幕尺寸：11英寸&厚度：7.1-9mm&类型：学习平板&热门机型：华为 MatePad&颜色：紫色&,http://img13.360buyimg.com/n1/s450x450_jfs/t1/69377/5/20592/26976/64256e5cFb3c18044/4808d5a0659dc4ed.jpg,【MatePad11柔光版】流光紫,8+128GB,华为（HUAWEI）
100048837194,1899.00,商品名称：小米23043RP34C&商品编号：100048837194&商品毛重：1.044kg&商品产地：中国大陆&屏幕尺寸：11英寸&分辨率：2880*1800&支持IPv6：支持IPv6&类型：办公平板&护眼模式：莱茵认证&系统：Android&厚度：7.0mm以下&处理器：高通骁龙870&CPU核心数：八核&热门机型：小米平板&运行内存：6GB&内存容量：128GB&是否支持专用键盘：支持专用键盘&特性：分屏应用，窄边框，高保真音质，AI智能语音&颜色：蓝色&,http://img14.360buyimg.com/n1/s450x450_jfs/t1/116681/3/35574/102698/645a31c7F7c83d5b3/b7caeb8c61f50a7c.jpg,新【小米平板6】远山蓝,6+128GB/144Hz/2.8K,小米（MI）
100045664986,2999.00,商品名称：OPPOOPD2201&商品编号：100045664986&商品毛重：1.17kg&商品产地：中国大陆&屏幕尺寸：11.61英寸&分辨率：2800*2000&支持IPv6：支持IPv6&类型：办公平板&护眼模式：莱茵认证&系统：ColorOS&内存容量：256GB&CPU核心数：八核&运行内存：8GB&热门机型：OPPO Pad 2&厚度：7.0mm以下&家长管控：可管控&是否支持专用键盘：支持专用键盘&特性：分屏应用，窄边框&颜色：灰色&,http://img11.360buyimg.com/n1/s450x450_jfs/t1/131590/34/35544/63889/645c9cf5Fb7ca6a43/5fbe7abc6389d227.jpg,星云灰,8GB+256GB,OPPO
10068135208241,1288.00,商品名称：HUAVS90&商品编号：10068135208241&店铺： HUAV平板电脑旗舰店&商品毛重：1.2kg&商品产地：中国大陆&可扩展容量：最大支持1TB&分辨率：2560*1600&类型：二合一平板&优选服务：三年质保&厚度：7.0mm以下&特性：机身防水，5G上网，分屏应用，3G或4G上网，指纹识别，窄边框，GPS导航，高保真音质，AI智能语音&屏幕尺寸：12英寸&能效等级：一级能效&学生模式：含学生模式&支持IPv6：不支持IPv6&CPU核心数：十核&运行内存：12GB&内存容量：128GB&家长管控：可管控&是否支持专用键盘：支持专用键盘&系统：Android&颜色：蓝色&,http://img11.360buyimg.com/n1/jfs/t1/115353/24/31097/63191/63da1232Fda9b4e96/66e1ff3e295581b7.jpg,星河蓝,新Pro旗舰12G+128G原装键盘鼠标,HUAV
100049272624,4799.00,商品名称：BOE21A900&商品编号：100049272624&商品毛重：4.45kg&商品产地：中国大陆&内存容量：128GB&学生模式：含学生模式&类型：学生平板&护眼模式：莱茵认证&电池容量：电源供电&适用人群：学龄前，小学，初中生&运行内存：6GB&接口：USB&家长管控：可管控&屏幕尺寸：21.5英寸&支持IPv6：不支持IPv6&内核：八核&,http://img14.360buyimg.com/n1/s450x450_jfs/t1/133419/32/32485/141851/645c51ceF88069fd2/e029f2cf4559eeea.jpg,E3灵动版 6+128【新品上市】,,BOE
100055158143,2699.00,商品名称：华为HUAWEI MatePad 11英寸2023款&商品编号：100055158143&商品毛重：0.891kg&商品产地：中国大陆&内存容量：128GB&分辨率：2560*1600&类型：学习平板&系统：HarmonyOS&厚度：7.1-9mm&热门机型：华为 MatePad&屏幕尺寸：11英寸&运行内存：8GB&CPU核心数：四核&支持IPv6：支持IPv6&颜色：蓝色&,http://img13.360buyimg.com/n1/s450x450_jfs/t1/73435/8/30050/38695/642fdb86Fc59e5ae3/6e9edf06e68a30d0.jpg,【MatePad11柔光版】海岛蓝,8+128GB,华为（HUAWEI）
10049131476188,1258.00,商品名称：荣耀显通2023新款平板电脑pad大屏高清二合一办公学习游戏可插卡安卓p可插卡安卓pad护眼平板儿童 天空灰128G(分期免息+原装蓝牙键盘) 性能版全网通5G WIFI至尊版&商品编号：10049131476188&店铺： 荣耀显通官方旗舰店&商品毛重：1.0kg&内存容量：128GB&可扩展容量：最大支持256GB&是否支持专用键盘：支持专用键盘&支持IPv6：支持IPv6&系统：Android&厚度：7.1-9mm&运行内存：12GB&分辨率：1920*1080&类型：其他&颜色：其他&,http://img13.360buyimg.com/n1/jfs/t1/193220/30/30314/116259/6371e51dEb11a7b51/0bb22751677f8da2.jpg,天空灰128G(分期免息+原装蓝牙键盘),性能版全网通5G WIFI至尊版,荣耀显通
100042517438,2099.00,商品名称：小度XDH-25-B3&商品编号：100042517438&商品毛重：1.12kg&商品产地：中国大陆&屏幕尺寸：10.1英寸&学生模式：含学生模式&类型：学生平板&附加功能：真人发音，摄像头功能，拍照学习&内存容量：256GB&运行内存：6GB&接口：Type-C&家长管控：可管控&支持IPv6：支持IPv6&电池容量：6001-7000mAh&内核：八核&,http://img13.360buyimg.com/n1/s450x450_jfs/t1/71823/11/25029/171508/645c5c3cF68ca9e24/dce5a3cb7f1391f9.jpg,【新品首发】G16Pro（6+256G）,,小度
100027743462,4799.00,商品名称：AppleiPad mini（第六代）&商品编号：100027743462&商品毛重：0.611kg&商品产地：中国大陆&屏幕尺寸：8.3英寸&分辨率：2266*1488&支持IPv6：支持IPv6&系统：iPadOS&厚度：7.0mm以下&内存容量：256GB&类型：娱乐平板&处理器：A15&特性：指纹识别&颜色：灰色&,http://img12.360buyimg.com/n1/s450x450_jfs/t1/208677/29/4870/151914/6164109eE88093093/c430ee7939e210fa.jpg,深空灰色,256G WLAN版,Apple
10054511218881,1099.00,商品名称：联想（Lenovo）小新Pad&商品编号：10054511218881&商品毛重：0.74kg&内存容量：128GB&可扩展容量：最大支持1TB&学生模式：含学生模式&支持IPv6：支持IPv6&护眼模式：莱茵认证&系统：Android&厚度：7.1-9mm&家长管控：可管控&类型：娱乐平板&分辨率：2000*1200&,http://img11.360buyimg.com/n1/s450x450_jfs/t1/120803/13/33024/71410/645daad4F1767d0b5/573db3c3ecde6ea1.jpg,10.6英寸 6G+128G 深空灰原装钢化膜套装,,联想（Lenovo）
10073476248345,3999.00,商品名称：作业帮学习机【咨询优先发货】学习平板电脑家教机小初高九科同步学辅导机AI诊断规划12.7英寸 【AI智能护眼学习机】12.7英寸_8+256G&商品编号：10073476248345&店铺： 作业帮电子教育官方旗舰店&商品毛重：1.0kg&内存容量：256GB&学生模式：含学生模式&支持IPv6：支持IPv6&护眼模式：莱茵认证&屏幕尺寸：12.7英寸&适用人群：学龄前，小学，初中生，高中生&运行内存：8GB&接口：Type-C&家长管控：可管控&电池容量：8001-9000mAh&内核：八核&类型：学习机&,http://img10.360buyimg.com/n1/jfs/t1/111844/40/35285/109857/645dc4f6Fcc5ad5b5/899cffc768a66eef.png,【AI智能护眼学习机】12.7英寸_8+256G,,作业帮
100027743396,4799.00,商品名称：AppleiPad mini（第六代）&商品编号：100027743396&商品毛重：0.6kg&商品产地：中国大陆&屏幕尺寸：8.3英寸&分辨率：2266*1488&类型：娱乐平板&系统：iPadOS&厚度：7.0mm以下&运行内存：其他&内存容量：256GB&处理器：A15&支持IPv6：支持IPv6&特性：指纹识别&颜色：紫色&,http://img11.360buyimg.com/n1/s450x450_jfs/t1/198560/14/12733/158695/616412d9E40e1c288/6440cd3e61c4b9a1.jpg,紫色,256G WLAN版,Apple
100043442021,1099.00,商品名称：小米Redmi平板&商品编号：100043442021&商品毛重：0.79kg&商品产地：中国大陆&屏幕尺寸：10.6英寸&可扩展容量：最大支持1TB&分辨率：2000*1200&类型：娱乐平板&护眼模式：莱茵认证&系统：Android&厚度：7.1-9mm&内存容量：128GB&运行内存：4GB&CPU核心数：八核&支持IPv6：支持IPv6&热门机型：小米平板&特性：机身防水，分屏应用，高保真音质，AI智能语音&颜色：其他&,http://img11.360buyimg.com/n1/s450x450_jfs/t1/189889/2/34777/63243/6458bb78F444350cd/0e8fd246bdfee570.jpg,Redmi平板 烟青绿,4+128GB/2K/90Hz,小米（MI）
100056375399,1899.00,商品名称：小米23043RP34C&商品编号：100056375399&商品毛重：1.055kg&商品产地：中国大陆&屏幕尺寸：11英寸&分辨率：2880*1800&厚度：7.0mm以下&类型：其他&护眼模式：莱茵认证&系统：Android&CPU核心数：八核&处理器：高通骁龙870&支持IPv6：支持IPv6&热门机型：小米平板&运行内存：6GB&是否支持专用键盘：支持专用键盘&内存容量：128GB&特性：分屏应用，窄边框，高保真音质，AI智能语音&颜色：黑色&,http://img14.360buyimg.com/n1/s450x450_jfs/t1/49441/38/20140/101194/645a31baF9417ed87/d28f4d618ca64d95.jpg,新【小米平板6】黑色,6+128GB/144Hz/2.8K,小米（MI）
100044025849,10099.00,商品名称：Apple12.9英寸 iPad Pro（第六代）&商品编号：100044025849&商品毛重：1.5kg&商品产地：中国大陆&屏幕尺寸：12.9英寸&分辨率：2732*2048&支持IPv6：不支持IPv6&系统：iPadOS&厚度：7.0mm以下&运行内存：其他&内存容量：256GB&类型：其他&颜色：灰色&,http://img14.360buyimg.com/n1/s450x450_jfs/t1/200130/22/32769/78008/645c9d4eF35d8217e/f698aacb868dd706.jpg,12.9英寸 灰色,WLAN版 256G,Apple
10068135208242,1258.00,商品名称：HUAVS90&商品编号：10068135208242&店铺： HUAV平板电脑旗舰店&商品毛重：1.2kg&商品产地：中国大陆&可扩展容量：最大支持1TB&分辨率：2560*1600&类型：二合一平板&优选服务：三年质保&厚度：7.0mm以下&特性：机身防水，5G上网，分屏应用，3G或4G上网，指纹识别，窄边框，GPS导航，高保真音质，AI智能语音&屏幕尺寸：12英寸&能效等级：一级能效&学生模式：含学生模式&支持IPv6：不支持IPv6&CPU核心数：十核&运行内存：12GB&是否支持专用键盘：支持专用键盘&家长管控：可管控&内存容量：256GB&系统：Android&颜色：蓝色&,http://img12.360buyimg.com/n1/jfs/t1/115353/24/31097/63191/63da1232Fda9b4e96/66e1ff3e295581b7.jpg,星河蓝,新Pro旗舰12G+256G原装键盘鼠标,HUAV
10066597543244,4048.00,商品名称：苹果（Apple）iPad Air&商品编号：10066597543244&店铺： APPLE聚石专卖店&商品毛重：1.2kg&屏幕尺寸：10.9英寸&分辨率：2360*1640&支持IPv6：不支持IPv6&系统：iPadOS&厚度：7.0mm以下&运行内存：其他&内存容量：64GB&类型：娱乐平板&颜色：其他&,http://img14.360buyimg.com/n1/jfs/t1/76263/7/26680/80008/645e123aF660b1386/e98fd3f5fbdc24bf.jpg,蓝色,64GB WLAN版 【官方标配】,苹果（Apple）
100044025921,6799.00,商品名称：Apple11英寸 ipad Pro（第四代）&商品编号：100044025921&商品毛重：0.88kg&商品产地：中国大陆&屏幕尺寸：11英寸&是否支持专用键盘：支持专用键盘&类型：其他&系统：iPadOS&厚度：7.0mm以下&分辨率：2388*1668&运行内存：其他&处理器：Apple M2芯片&内存容量：128GB&支持IPv6：不支持IPv6&CPU核心数：八核&颜色：银色&,http://img11.360buyimg.com/n1/s450x450_jfs/t1/205304/10/17775/62656/634edfe1E17e63885/8f6c4217bf03497c.jpg,11英寸 银色,WLAN版 128G,Apple
100034710010,4799.00,商品名称：AppleiPad Air（第五代）&商品编号：100034710010&商品毛重：0.84kg&商品产地：中国大陆&屏幕尺寸：10.9英寸&是否支持专用键盘：支持专用键盘&类型：娱乐平板&系统：iPadOS&内存容量：64GB&处理器：Apple M1芯片&厚度：7.0mm以下&运行内存：其他&CPU核心数：八核&支持IPv6：不支持IPv6&热门机型：iPad Air&分辨率：2360*1640&颜色：蓝色&,http://img10.360buyimg.com/n1/s450x450_jfs/t1/53399/29/23806/41292/645b57b3F8a759dbf/ce4c8ac367b878d8.jpg,蓝色,WLAN版 64G,Apple
100056664635,3399.00,商品名称：vivoPA2373&商品编号：100056664635&商品毛重：1.067kg&商品产地：中国大陆&内存容量：512GB&是否支持专用键盘：支持专用键盘&类型：其他&护眼模式：莱茵认证&系统：Android&CPU核心数：八核&厚度：7.0mm以下&热门机型：vivo pad2&屏幕尺寸：其他&支持IPv6：支持IPv6&运行内存：12GB&分辨率：2800*2000&颜色：灰色&,http://img10.360buyimg.com/n1/s450x450_jfs/t1/202038/29/33545/48430/645b392bF6529257a/f82e7d90e4d56680.jpg,远山灰,12GB+512GB,vivo
100056664653,2499.00,商品名称：vivoPA2373&商品编号：100056664653&商品毛重：0.533kg&商品产地：中国大陆&内存容量：128GB&是否支持专用键盘：支持专用键盘&支持IPv6：支持IPv6&护眼模式：莱茵认证&系统：Android&CPU核心数：八核&类型：办公平板&运行内存：8GB&厚度：7.0mm以下&屏幕尺寸：12.1英寸&热门机型：vivo pad2&分辨率：2800*2000&颜色：灰色&,http://img13.360buyimg.com/n1/s450x450_jfs/t1/111163/15/33234/53488/645dec46Ff02d2d34/5ed1f56e06da1afb.jpg,远山灰,8GB+128GB,vivo
100056375379,3399.00,商品名称：小米23046RP50C&商品编号：100056375379&商品毛重：1.08kg&商品产地：中国大陆&屏幕尺寸：11英寸&分辨率：2880*1800&类型：办公平板&护眼模式：莱茵认证&系统：Android&支持IPv6：支持IPv6&厚度：7.0mm以下&CPU核心数：八核&运行内存：12GB&热门机型：小米平板&内存容量：512GB&是否支持专用键盘：支持专用键盘&特性：分屏应用，窄边框，高保真音质，AI智能语音&颜色：蓝色&,http://img14.360buyimg.com/n1/s450x450_jfs/t1/165726/17/34062/101725/6454f03bF8a8b81f9/94aac7b131b97ff5.jpg,新【平板6Pro 骁龙8+】远山蓝,12+512GB/144Hz/2.8K,小米（MI）
100049840965,2299.00,商品名称：荣耀荣耀平板V8 Pro&商品编号：100049840965&商品毛重：1.0kg&商品产地：中国大陆&内存容量：128GB&是否支持专用键盘：支持专用键盘&支持IPv6：支持IPv6&护眼模式：莱茵认证&系统：MagicOS&CPU核心数：八核&类型：办公平板&运行内存：8GB&厚度：7.0mm以下&屏幕尺寸：12.1英寸&分辨率：2560*1600&学生模式：含学生模式&颜色：蓝色&,http://img10.360buyimg.com/n1/s450x450_jfs/t1/163791/10/32560/72667/6459fc20F86b7c1dd/eba4346661277c45.jpg,【V8 pro】晴空蓝,8+128GB,荣耀（HONOR）
100045109169,3399.00,商品名称：AppleiPad（第十代） &商品编号：100045109169&商品毛重：0.88kg&商品产地：中国大陆&屏幕尺寸：10.9英寸&是否支持专用键盘：支持专用键盘&类型：学习平板&系统：iPadOS&处理器：A14&支持IPv6：不支持IPv6&运行内存：其他&厚度：7.0mm以下&分辨率：2360*1640&内存容量：64GB&特性：指纹识别&颜色：粉色&,http://img14.360buyimg.com/n1/s450x450_jfs/t1/62741/36/22163/24935/63527016E85f86c3a/3cdaafc46c2409c4.jpg,粉色,iPad10代 64G WLAN版,Apple
100044002903,2799.00,商品名称：添添XD-SDD16-2201&商品编号：100044002903&商品毛重：3.45kg&商品产地：中国大陆&屏幕尺寸：15.6英寸&分辨率：2048*1080&类型：二合一平板&系统：Android&厚度：11.1mm及以上&运行内存：6GB&内存容量：128GB&支持IPv6：支持IPv6&颜色：白色&,http://img13.360buyimg.com/n1/s450x450_jfs/t1/214262/2/29953/191230/645da351F8a9609ea/a8c21ad78bbc41dc.jpg,,,添添
100055158109,2699.00,商品名称：华为HUAWEI MatePad 11英寸2023款&商品编号：100055158109&商品毛重：0.98kg&商品产地：中国大陆&内存容量：128GB&分辨率：2560*1600&支持IPv6：支持IPv6&系统：HarmonyOS&CPU核心数：八核&运行内存：8GB&屏幕尺寸：11英寸&厚度：7.1-9mm&类型：学习平板&热门机型：华为 MatePad&颜色：黑色&,http://img14.360buyimg.com/n1/s450x450_jfs/t1/6950/31/19335/27720/64256e2cF0d725d17/2bdadcbde19fe8c6.jpg,【MatePad11柔光版】曜石黑,8+128GB,华为（HUAWEI）
100056424221,5299.00,商品名称：添添XD-SDD27-2201&商品编号：100056424221&商品毛重：22.3kg&商品产地：中国大陆&屏幕尺寸：其他&分辨率：2048*1080&类型：二合一平板&系统：Android&厚度：11.1mm及以上&运行内存：6GB&内存容量：128GB&支持IPv6：支持IPv6&颜色：白色&,http://img11.360buyimg.com/n1/s450x450_jfs/t1/194072/32/34786/124806/645c5d6aF05dc0d92/8e505c63ec231a4b.jpg,【5月27日库存限量发售中】,,添添
100056664631,3099.00,商品名称：vivoPA2373&商品编号：100056664631&商品毛重：1.067kg&商品产地：中国大陆&屏幕尺寸：其他&分辨率：2800*2000&支持IPv6：支持IPv6&护眼模式：莱茵认证&系统：Android&厚度：7.0mm以下&运行内存：12GB&类型：办公平板&内存容量：256GB&是否支持专用键盘：支持专用键盘&颜色：其他&,http://img11.360buyimg.com/n1/s450x450_jfs/t1/185530/34/34990/48352/645b387bF11d96a18/86db354e94d05f7b.jpg,远山灰,12GB+256GB,vivo
10049131476190,1258.00,商品名称：荣耀显通2023新款平板电脑pad大屏高清二合一办公学习游戏可插卡安卓p可插卡安卓pad护眼平板儿童 星空蓝128G(分期免息+原装蓝牙键盘) 性能版全网通5G WIFI至尊版&商品编号：10049131476190&店铺： 荣耀显通官方旗舰店&商品毛重：1.0kg&内存容量：128GB&可扩展容量：最大支持256GB&是否支持专用键盘：支持专用键盘&支持IPv6：支持IPv6&系统：Android&厚度：7.1-9mm&运行内存：12GB&分辨率：1920*1080&类型：其他&颜色：天蓝色&,http://img10.360buyimg.com/n1/jfs/t1/193220/30/30314/116259/6371e51dEb11a7b51/0bb22751677f8da2.jpg,星空蓝128G(分期免息+原装蓝牙键盘),性能版全网通5G WIFI至尊版,荣耀显通
100056664649,3099.00,商品名称：vivoPA2373&商品编号：100056664649&商品毛重：1.067kg&商品产地：中国大陆&屏幕尺寸：12.1英寸&是否支持专用键盘：支持专用键盘&支持IPv6：支持IPv6&护眼模式：莱茵认证&系统：Android&CPU核心数：八核&类型：办公平板&运行内存：12GB&内存容量：256GB&厚度：7.0mm以下&分辨率：2800*2000&热门机型：vivo pad2&颜色：蓝色&,http://img14.360buyimg.com/n1/s450x450_jfs/t1/118607/16/36057/50272/645b3840F8e91141d/c29b72448e23aa2c.jpg,晴海蓝,12GB+256GB,vivo
100032575411,1199.00,商品名称：OPPOOPD2102&商品编号：100032575411&商品毛重：0.896kg&商品产地：中国大陆&内存容量：128GB&分辨率：2000*1200&是否支持专用键盘：支持专用键盘&学生模式：含学生模式&类型：学习平板&护眼模式：莱茵认证&系统：Android&支持IPv6：支持IPv6&CPU核心数：八核&运行内存：4GB&热门机型：OPPO Pad Air&屏幕尺寸：10.36英寸&家长管控：可管控&厚度：7.0mm以下&特性：机身防水，分屏应用，窄边框，高保真音质，AI智能语音&颜色：紫色&,http://img11.360buyimg.com/n1/s450x450_jfs/t1/213013/32/29827/45542/645c9c30Fd48ae486/6db7b9c7f8098f85.jpg,新色-紫霞,4GB+128GB,OPPO
100048837234,3099.00,商品名称：小米23046RP50C&商品编号：100048837234&商品毛重：1.08kg&商品产地：中国大陆&屏幕尺寸：11英寸&分辨率：2880*1800&类型：办公平板&护眼模式：莱茵认证&系统：Android&支持IPv6：支持IPv6&CPU核心数：八核&内存容量：256GB&热门机型：小米平板&厚度：7.0mm以下&是否支持专用键盘：支持专用键盘&运行内存：12GB&特性：分屏应用，窄边框，高保真音质，AI智能语音&颜色：蓝色&,http://img14.360buyimg.com/n1/s450x450_jfs/t1/197598/21/33798/101705/6454f003F97f53335/79ea3c6614f727e3.jpg,新【平板6Pro 骁龙8+】远山蓝,12+256GB/144Hz/2.8K,小米（MI）
100048837238,2499.00,商品名称：小米23046RP50C&商品编号：100048837238&商品毛重：1.07kg&商品产地：中国大陆&屏幕尺寸：11英寸&是否支持专用键盘：支持专用键盘&类型：办公平板&护眼模式：莱茵认证&系统：Android&支持IPv6：支持IPv6&厚度：7.0mm以下&CPU核心数：八核&运行内存：8GB&热门机型：小米平板&分辨率：2880*1800&内存容量：128GB&特性：分屏应用，窄边框，高保真音质，AI智能语音&颜色：金色&,http://img13.360buyimg.com/n1/s450x450_jfs/t1/115656/20/36687/101795/6454ef83Fb01a2a0f/ee827e31ec354ac2.jpg,新【平板6Pro 骁龙8+】金色,8+128GB/144Hz/2.8K,小米（MI）
10021713150867,2599.00,商品名称：苹果（Apple） ipad2021/2022款10.2英寸平板电脑 2021款iPad9 灰色 64G WiFi【官方标配】&商品编号：10021713150867&店铺： APPLE翔合专卖店&商品毛重：480.00g&商品产地：其他&内存容量：64GB&分辨率：2160*1620&支持IPv6：不支持IPv6&系统：iPadOS&厚度：7.0mm以下&运行内存：其他&屏幕尺寸：10.2英寸&类型：其他&特性：指纹识别&颜色：灰色&,http://img12.360buyimg.com/n1/jfs/t1/175381/33/37035/45763/645fb5caFfef80797/dfac40be32807a64.jpg,2021款iPad9 灰色,64G WiFi【官方标配】,苹果（Apple）
100027743400,3599.00,商品名称：AppleiPad mini（第六代）&商品编号：100027743400&商品毛重：0.596kg&商品产地：中国大陆&屏幕尺寸：8.3英寸&分辨率：2266*1488&支持IPv6：支持IPv6&系统：iPadOS&厚度：7.0mm以下&类型：娱乐平板&内存容量：64GB&处理器：A15&特性：指纹识别&颜色：灰色&,http://img10.360buyimg.com/n1/s450x450_jfs/t1/141114/22/26998/151914/61640867E935d16b8/0356338e74127da2.jpg,深空灰色,64G WLAN版,Apple
10070250622091,8419.00,商品名称：AppleiPad Pro 12.9英寸&商品编号：10070250622091&店铺： 浦联中慧官方旗舰店&商品毛重：0.7kg&内存容量：128GB&分辨率：2388*1668&类型：二合一平板&系统：iPadOS&厚度：7.0mm以下&运行内存：其他&屏幕尺寸：12.9英寸&支持IPv6：不支持IPv6&颜色：灰色&,http://img11.360buyimg.com/n1/jfs/t1/174422/40/31140/58570/635b5eb3E5031a2e1/9169568578ff3a2e.jpg,深空灰色 国行标配,128G WiFi版,Apple
100034709994,4799.00,商品名称：AppleiPad Air（第五代）&商品编号：100034709994&商品毛重：0.844kg&商品产地：中国大陆&屏幕尺寸：10.9英寸&是否支持专用键盘：支持专用键盘&支持IPv6：不支持IPv6&系统：iPadOS&运行内存：其他&处理器：Apple M1芯片&厚度：7.0mm以下&热门机型：iPad Air&CPU核心数：八核&类型：娱乐平板&内存容量：64GB&分辨率：2360*1640&颜色：星光色&,http://img14.360buyimg.com/n1/s450x450_jfs/t1/102024/22/39506/31653/645b57bdF6ea2eb8d/bec61de4d24b811d.jpg,星光色,WLAN版 64G,Apple
100045109213,6399.00,商品名称：Apple11英寸 ipad Pro（第四代）&商品编号：100045109213&商品毛重：0.88kg&商品产地：中国大陆&屏幕尺寸：11英寸&分辨率：2388*1668&支持IPv6：不支持IPv6&系统：iPadOS&厚度：7.0mm以下&类型：其他&运行内存：8GB&处理器：Apple M2芯片&是否支持专用键盘：支持专用键盘&内存容量：128GB&CPU核心数：八核&颜色：银色&,http://img13.360buyimg.com/n1/s450x450_jfs/t1/223591/40/16999/62656/63527254Eaa9658a6/1d836829facade2c.jpg,11英寸 银色,WLAN版 128G,Apple
100034710052,5599.00,商品名称：AppleiPad Air（第五代）&商品编号：100034710052&商品毛重：0.855kg&商品产地：中国大陆&屏幕尺寸：10.9英寸&是否支持专用键盘：支持专用键盘&支持IPv6：不支持IPv6&系统：iPadOS&类型：娱乐平板&厚度：7.0mm以下&内存容量：256GB&热门机型：iPad Air&分辨率：2360*1640&CPU核心数：八核&运行内存：其他&处理器：Apple M1芯片&颜色：灰色&,http://img12.360buyimg.com/n1/s450x450_jfs/t1/88517/14/39442/30135/645b5855F22616630/1739e5a66ca5f6cc.jpg,深空灰色,WLAN版 256G,Apple
100045109173,3399.00,商品名称：AppleiPad（第十代） &商品编号：100045109173&商品毛重：0.88kg&商品产地：中国大陆&屏幕尺寸：10.9英寸&是否支持专用键盘：支持专用键盘&类型：学习平板&系统：iPadOS&处理器：A14&支持IPv6：不支持IPv6&运行内存：其他&厚度：7.0mm以下&分辨率：2360*1640&内存容量：64GB&特性：指纹识别&颜色：蓝色&,http://img13.360buyimg.com/n1/s450x450_jfs/t1/128471/10/32078/24950/63526fabE0157810e/d43b0e5f053a4fb3.jpg,蓝色,iPad10代 64G WLAN版,Apple
100032575413,2199.00,商品名称：OPPOOPD2101&商品编号：100032575413&商品毛重：1.28kg&商品产地：中国大陆&分辨率：2560*1600&类型：办公平板&系统：Android&厚度：7.1-9mm&热门机型：OPPO Pad&特性：机身防水，分屏应用，窄边框，高保真音质，AI智能语音&内存容量：128GB&学生模式：含学生模式&支持IPv6：支持IPv6&护眼模式：莱茵认证&处理器：高通骁龙870&运行内存：8GB&屏幕尺寸：11英寸&家长管控：可管控&是否支持专用键盘：支持专用键盘&CPU核心数：八核&颜色：紫色&,http://img13.360buyimg.com/n1/s450x450_jfs/t1/70479/37/20410/39378/645c5a83F357025d5/60b71aa0fbd62710.jpg,极光紫,8GB+128GB,OPPO
100034710084,4399.00,商品名称：AppleiPad Air（第五代）&商品编号：100034710084&商品毛重：0.84kg&商品产地：中国大陆&屏幕尺寸：10.9英寸&是否支持专用键盘：支持专用键盘&支持IPv6：不支持IPv6&系统：iPadOS&运行内存：其他&处理器：Apple M1芯片&厚度：7.0mm以下&热门机型：iPad Air&CPU核心数：八核&类型：娱乐平板&内存容量：64GB&分辨率：2360*1640&颜色：星光色&,http://img14.360buyimg.com/n1/s450x450_jfs/t1/216015/6/30118/31928/645b584cF25e53dd2/c5b0e8c0d5c9f366.jpg,星光色,WLAN版 64G,Apple
100041217398,2299.00,商品名称：荣耀荣耀平板V8 Pro&商品编号：100041217398&商品毛重：1.01kg&商品产地：中国大陆&内存容量：128GB&分辨率：2560*1600&支持IPv6：支持IPv6&护眼模式：莱茵认证&系统：MagicOS&学生模式：含学生模式&CPU核心数：八核&类型：办公平板&运行内存：8GB&厚度：7.0mm以下&家长管控：可管控&是否支持专用键盘：支持专用键盘&屏幕尺寸：12.1英寸&颜色：橙色&,http://img13.360buyimg.com/n1/s450x450_jfs/t1/150675/2/32085/73072/6459fc20F4a271c84/db12c3aee0b106c9.jpg,【V8 pro】燃橙色,8+128GB,荣耀（HONOR）
100056375377,2099.00,商品名称：小米23043RP34C&商品编号：100056375377&商品毛重：1.048kg&商品产地：中国大陆&屏幕尺寸：11英寸&分辨率：2880*1800&支持IPv6：支持IPv6&类型：办公平板&护眼模式：莱茵认证&系统：Android&厚度：7.0mm以下&处理器：高通骁龙870&CPU核心数：八核&运行内存：8GB&热门机型：小米平板&是否支持专用键盘：支持专用键盘&内存容量：128GB&特性：分屏应用，窄边框，高保真音质，AI智能语音&颜色：黑色&,http://img12.360buyimg.com/n1/s450x450_jfs/t1/105701/11/33098/98890/6454f102F735752e1/c311330d1f76e821.jpg,新【小米平板6】黑色,8+128GB/144Hz/2.8K,小米（MI）
100044025903,3599.00,商品名称：AppleiPad（第十代） &商品编号：100044025903&商品毛重：0.89kg&商品产地：中国大陆&屏幕尺寸：10.9英寸&分辨率：2360*1640&支持IPv6：不支持IPv6&系统：iPadOS&处理器：A14&是否支持专用键盘：支持专用键盘&运行内存：其他&厚度：7.1-9mm&类型：学习平板&内存容量：64GB&特性：指纹识别&颜色：黄色&,http://img13.360buyimg.com/n1/s450x450_jfs/t1/108738/3/33677/25446/634ee472E681dc930/2826721faacd274d.jpg,黄色,iPad10代 64G WLAN版,Apple
100039178878,1199.00,商品名称：OPPOOPD2102&商品编号：100039178878&商品毛重：0.896kg&商品产地：中国大陆&内存容量：128GB&是否支持专用键盘：支持专用键盘&分辨率：2000*1200&学生模式：含学生模式&类型：学习平板&护眼模式：莱茵认证&系统：Android&CPU核心数：八核&厚度：7.0mm以下&运行内存：4GB&热门机型：OPPO Pad Air&屏幕尺寸：10.36英寸&家长管控：可管控&支持IPv6：支持IPv6&特性：机身防水，分屏应用，窄边框，高保真音质，AI智能语音&颜色：银色&,http://img13.360buyimg.com/n1/s450x450_jfs/t1/193957/21/30694/43472/645c9c12Fdf21390a/7ee6dd4ea8b827e3.jpg,星银,4GB+128GB,OPPO
100044025927,9299.00,商品名称：Apple12.9英寸 iPad Pro（第六代）&商品编号：100044025927&商品毛重：1.51kg&商品产地：中国大陆&屏幕尺寸：12.9英寸&分辨率：2732*2048&支持IPv6：不支持IPv6&系统：iPadOS&厚度：7.0mm以下&运行内存：其他&内存容量：128GB&类型：学习平板&颜色：灰色&,http://img12.360buyimg.com/n1/s450x450_jfs/t1/181183/21/29599/65121/634ee701E61cc7b1f/41377f6c3cb1f5b1.jpg,12.9英寸 灰色,WLAN版 128G,Apple
100045109177,6399.00,商品名称：Apple11英寸 ipad Pro（第四代）&商品编号：100045109177&商品毛重：0.87kg&商品产地：中国大陆&屏幕尺寸：11英寸&分辨率：2388*1668&支持IPv6：不支持IPv6&系统：iPadOS&厚度：7.0mm以下&类型：其他&运行内存：8GB&处理器：Apple M2芯片&是否支持专用键盘：支持专用键盘&内存容量：128GB&CPU核心数：八核&颜色：灰色&,http://img12.360buyimg.com/n1/s450x450_jfs/t1/105206/37/34294/62228/635272b3E50bbbcb1/c6aac4dd8c45e615.jpg,11英寸 灰色,WLAN版 128G,Apple
68538408610,6499.00,商品名称：苹果（Apple）iPad Pro 2022款&商品编号：68538408610&店铺： 疆界旗舰店&商品毛重：2.34kg&内存容量：128GB&分辨率：2388*1668&类型：二合一平板&系统：iPadOS&屏幕尺寸：11英寸&处理器：Apple M2芯片&支持IPv6：不支持IPv6&热门机型：iPad Pro&是否支持专用键盘：支持专用键盘&运行内存：其他&厚度：7.0mm以下&特性：窄边框&颜色：其他&,http://img10.360buyimg.com/n1/jfs/t1/104960/22/39935/91838/645c637bF2122995a/b1d2d8b6abca51cf.jpg,11  寸 灰色 官 方 标 配,128G WLAN版,苹果（Apple）
10073181221414,4799.00,商品名称：学而思平板智能学习机xpad 2k高清11英寸6G+128G自研课程AI家教机 点读机 学生平板电脑 学而思Xpad&商品编号：10073181221414&店铺： 简优数码专营店&商品毛重：500.00g&内存容量：128GB&学生模式：含学生模式&电池容量：7001-8000mAh&护眼模式：莱茵认证&内核：八核&屏幕尺寸：11英寸&适用人群：学龄前，小学，初中生，高中生&运行内存：6GB&接口：Type-C&家长管控：可管控&类型：学生平板&附加功能：支持屏幕手写，摄像头功能，拍照学习&支持IPv6：支持IPv6&,http://img14.360buyimg.com/n1/jfs/t1/103986/21/38952/172558/645db6f5Fee345e76/98a3ad78d0471429.jpg,,,学而思
100023428874,2199.00,商品名称：华为MatePad 11&商品编号：100023428874&商品毛重：0.845kg&商品产地：中国大陆&内存容量：128GB&分辨率：2560*1600&支持IPv6：支持IPv6&护眼模式：莱茵认证&系统：HarmonyOS&厚度：7.1-9mm&CPU核心数：八核&屏幕尺寸：10.95英寸&运行内存：6GB&类型：娱乐平板&家长管控：可管控&学生模式：含学生模式&特性：分屏应用&颜色：灰色&,http://img14.360buyimg.com/n1/s450x450_jfs/t1/68503/12/23101/67389/64530faeFb67ece7b/a68058ebffbd7fd1.jpg,【MatePad 11】曜石灰,6+128GB,华为（HUAWEI）
100013260409,1639.00,商品名称：小米小米平板&商品编号：100013260409&商品毛重：0.87kg&商品产地：中国大陆&屏幕尺寸：11英寸&分辨率：2560*1600&类型：娱乐平板&护眼模式：莱茵认证&系统：Android&处理器：高通骁龙860&厚度：7.0mm以下&内存容量：128GB&热门机型：小米平板5&支持IPv6：支持IPv6&运行内存：6GB&是否支持专用键盘：支持专用键盘&特性：分屏应用&颜色：黑色&,http://img14.360buyimg.com/n1/s450x450_jfs/t1/116921/3/35260/51990/64365503Fec579072/d162ecaebecedde8.jpg,小米平板5 黑色,6+128G/WIFI,小米（MI）
100042379746,4099.00,商品名称：小度XD-SDB21-2201&商品编号：100042379746&商品毛重：1.93kg&商品产地：中国大陆&屏幕尺寸：13.3英寸&学生模式：含学生模式&附加功能：真人发音，摄像头功能，拍照学习&内存容量：256GB&类型：学习机&适用人群：小学，初中生，高中生&运行内存：6GB&接口：Type-C&家长管控：可管控&内核：八核&支持IPv6：支持IPv6&电池容量：8001-9000mAh&,http://img11.360buyimg.com/n1/s450x450_jfs/t1/66168/18/22499/113883/645c5b58F7db4f537/145acabf15de6b40.jpg,年度新品-Z20 Plus智学版6+256G,,小度
100055158107,2499.00,商品名称：华为HUAWEI MatePad 11英寸2023款&商品编号：100055158107&商品毛重：0.884kg&商品产地：中国大陆&内存容量：128GB&分辨率：2560*1600&支持IPv6：支持IPv6&系统：HarmonyOS&CPU核心数：八核&运行内存：8GB&屏幕尺寸：11英寸&厚度：7.1-9mm&类型：学习平板&颜色：白色&,http://img12.360buyimg.com/n1/s450x450_jfs/t1/117677/3/34044/26218/64256dfbF1a00fd9a/69cebfc545d4853e.jpg,【MatePad11新品】晶钻白,8+128GB,华为（HUAWEI）
100032575415,1499.00,商品名称：OPPOOPD2102&商品编号：100032575415&商品毛重：0.897kg&商品产地：中国大陆&内存容量：128GB&分辨率：2000*1200&是否支持专用键盘：支持专用键盘&学生模式：含学生模式&类型：学习平板&护眼模式：莱茵认证&系统：Android&支持IPv6：支持IPv6&CPU核心数：八核&运行内存：6GB&热门机型：OPPO Pad Air&屏幕尺寸：10.36英寸&家长管控：可管控&厚度：7.0mm以下&特性：机身防水，分屏应用，窄边框，高保真音质，AI智能语音&颜色：紫色&,http://img10.360buyimg.com/n1/s450x450_jfs/t1/91003/16/38762/44234/645c9cd3F1a65cfb8/f421fdcea5367b75.jpg,新色-紫霞,6GB+128GB,OPPO
10051279717107,519.00,商品名称：第三星种X30 Pro&商品编号：10051279717107&店铺： 简易生活数码时代电脑整机专营店&商品毛重：500.00g&商品产地：中国大陆&货号：X30 Pro&屏幕尺寸：其他&可扩展容量：最大支持512GB&是否支持专用键盘：支持专用键盘&支持IPv6：不支持IPv6&CPU核心数：十核&系统：Android&学生模式：含学生模式&厚度：7.0mm以下&类型：二合一平板&运行内存：12GB&内存容量：512GB&家长管控：可管控&分辨率：2560*1600&特性：窄边框&颜色：白色&,http://img12.360buyimg.com/n1/jfs/t1/217921/20/21087/105607/641ae739Fc76f9012/98a7a89103a476d2.jpg,暗紫色丨12+128丨12.1英寸+原装蓝牙键盘,,第三星种
100014352531,3999.00,商品名称：AppleiPad mini（第六代）&商品编号：100014352531&商品毛重：0.61kg&商品产地：中国大陆&屏幕尺寸：8.3英寸&分辨率：2266*1488&支持IPv6：不支持IPv6&系统：iPadOS&处理器：A15&运行内存：其他&类型：其他&厚度：7.0mm以下&内存容量：64GB&特性：指纹识别&颜色：紫色&,http://img11.360buyimg.com/n1/s450x450_jfs/t1/68202/40/22421/27339/6323113aE70f40b52/fc8ce78639319d67.jpg,紫色,64G WLAN版,Apple
10045079125843,1699.00,商品名称：联想（Lenovo）天骄平板 &商品编号：10045079125843&商品毛重：0.895kg&屏幕尺寸：11英寸&学生模式：含学生模式&支持IPv6：支持IPv6&护眼模式：莱茵认证&系统：Android&厚度：7.1-9mm&家长管控：可管控&内存容量：128GB&是否支持专用键盘：支持专用键盘&,http://img13.360buyimg.com/n1/s450x450_jfs/t1/132243/17/32453/52271/645daaa1F3f888be2/66b81428e2d86996.jpg,,,联想（Lenovo）
100026667914,5199.00,商品名称：AppleiPad mini（第六代）&商品编号：100026667914&商品毛重：0.61kg&商品产地：中国大陆&屏幕尺寸：8.3英寸&分辨率：2266*1488&支持IPv6：不支持IPv6&系统：iPadOS&厚度：7.0mm以下&运行内存：其他&内存容量：256GB&类型：娱乐平板&处理器：A15&特性：指纹识别&颜色：灰色&,http://img14.360buyimg.com/n1/s450x450_jfs/t1/176597/36/22971/151914/61411bf1E6d0a9555/d7a8129189999777.jpg,深空灰色,256G WLAN版,Apple
100014352585,5199.00,商品名称：AppleiPad mini（第六代）&商品编号：100014352585&商品毛重：0.6kg&商品产地：中国大陆&屏幕尺寸：8.3英寸&分辨率：2266*1488&支持IPv6：不支持IPv6&系统：iPadOS&厚度：7.0mm以下&运行内存：其他&内存容量：256GB&类型：其他&处理器：A15&特性：指纹识别&颜色：紫色&,http://img10.360buyimg.com/n1/s450x450_jfs/t1/199029/33/8469/158695/61411f3eE7f0b476e/28a2f7d33f216b2b.jpg,紫色,256G WLAN版,Apple
100027743412,3599.00,商品名称：AppleiPad mini（第六代）&商品编号：100027743412&商品毛重：0.6kg&商品产地：中国大陆&屏幕尺寸：8.3英寸&分辨率：2266*1488&支持IPv6：支持IPv6&系统：iPadOS&厚度：7.0mm以下&类型：娱乐平板&内存容量：64GB&处理器：A15&特性：指纹识别&颜色：紫色&,http://img12.360buyimg.com/n1/s450x450_jfs/t1/202093/3/10910/158695/61640f64E9c3b4e68/e38ee54e655c706b.jpg,紫色,64G WLAN版,Apple
100042227583,7799.00,商品名称：微软Surface Pro 9&商品编号：100042227583&商品毛重：2.081kg&商品产地：中国大陆&可扩展容量：最大支持1TB&是否支持专用键盘：支持专用键盘&类型：二合一平板&优选服务：两年质保&厚度：9.1-11mm&热门机型：Surface Pro&特性：分屏应用，窄边框&屏幕尺寸：其他&能效等级：一级能效&学生模式：含学生模式&支持IPv6：支持IPv6&处理器：intel i5&系统：Windows&运行内存：16GB&内存容量：256GB&家长管控：可管控&分辨率：2880*1920&CPU核心数：十核&颜色：其他&,http://img13.360buyimg.com/n1/s450x450_jfs/t1/209985/6/33913/112750/64539a3dF6187ab9a/ea5a8dd7df5c1d51.jpg,石墨灰(仅256G/512G),i5 16G+256G 高效办公居家网课,微软（Microsoft）
100043442015,1299.00,商品名称：小米Redmi平板&商品编号：100043442015&商品毛重：0.8kg&商品产地：中国大陆&屏幕尺寸：10.6英寸&可扩展容量：最大支持1TB&分辨率：2000*1200&类型：娱乐平板&护眼模式：莱茵认证&系统：Android&厚度：7.1-9mm&内存容量：128GB&热门机型：小米平板&CPU核心数：八核&支持IPv6：支持IPv6&运行内存：6GB&特性：机身防水，分屏应用，高保真音质，AI智能语音&颜色：银色&,http://img10.360buyimg.com/n1/s450x450_jfs/t1/167545/34/36844/62876/6458bba5Fb58fa658/504582499ff4ea4f.jpg,Redmi平板 银色,6+128GB/2K/90Hz,小米（MI）
100014352497,3999.00,商品名称：AppleiPad mini（第六代）&商品编号：100014352497&商品毛重：0.61kg&商品产地：中国大陆&屏幕尺寸：8.3英寸&分辨率：2266*1488&类型：其他&系统：iPadOS&处理器：A15&运行内存：其他&内存容量：64GB&厚度：7.0mm以下&支持IPv6：不支持IPv6&特性：指纹识别&颜色：灰色&,http://img12.360buyimg.com/n1/s450x450_jfs/t1/206423/34/6577/151914/61410860Ef78ab576/1f3964710a0af13b.jpg,深空灰色,64G WLAN版,Apple
100045109157,7199.00,商品名称：Apple11英寸 ipad Pro（第四代）&商品编号：100045109157&商品毛重：0.86kg&商品产地：中国大陆&屏幕尺寸：11英寸&分辨率：2388*1668&支持IPv6：不支持IPv6&系统：iPadOS&厚度：7.0mm以下&类型：其他&运行内存：8GB&处理器：Apple M2芯片&CPU核心数：八核&是否支持专用键盘：支持专用键盘&内存容量：256GB&颜色：灰色&,http://img12.360buyimg.com/n1/s450x450_jfs/t1/93990/1/32852/62228/63527353E509a558f/e4bb5c0f03064862.jpg,11英寸 灰色,WLAN版 256G,Apple
100052206009,8899.00,商品名称：科大讯飞H013300&商品编号：100052206009&商品毛重：2.15kg&商品产地：中国大陆&屏幕尺寸：13.3英寸&学生模式：含学生模式&支持IPv6：支持IPv6&护眼模式：莱茵认证&内存容量：512GB&附加功能：支持屏幕手写，摄像头功能，拍照学习&运行内存：8GB&接口：Type-C&家长管控：可管控&电池容量：10000mAh以上&内核：八核&类型：学生平板&,http://img14.360buyimg.com/n1/s450x450_jfs/t1/86529/37/30577/163083/645c3d84F6d874c70/5ff40d03abb50d0d.jpg,T20 Pro【13.3英寸 8+512G】,,科大讯飞（iFLYTEK）
10069757432377,2399.00,商品名称：联想（Lenovo）平板电脑&商品编号：10069757432377&店铺： 京东电竞官方旗舰店&商品毛重：370.00g&商品产地：中国大陆&内存容量：256GB&可扩展容量：最大支持512GB&分辨率：2560*1600&支持IPv6：支持IPv6&护眼模式：莱茵认证&系统：Android&厚度：7.1-9mm&运行内存：12GB&类型：娱乐平板&CPU核心数：八核&处理器：高通骁龙870&特性：分屏应用，窄边框，高保真音质，AI智能语音&颜色：灰色&,http://img12.360buyimg.com/n1/jfs/t1/158849/2/37435/146476/64586c9dF9af3fb54/6ee42dfe796a9a02.jpg,12G+256G｜钛晶灰,,联想（Lenovo）
10066863052371,1798.00,商品名称：好记星（Ozing）P108&商品编号：10066863052371&商品毛重：0.7kg&货号：P108(8+256G)&屏幕尺寸：10.4英寸&学生模式：含学生模式&类型：学生平板&电池容量：7001-8000mAh&内存容量：256GB&适用人群：小学，初中生，高中生&运行内存：8GB&接口：Type-C&家长管控：可管控&附加功能：支持屏幕手写，摄像头功能，拍照学习&内核：八核&支持IPv6：支持IPv6&,http://img11.360buyimg.com/n1/s450x450_jfs/t1/66819/9/19134/108137/643ac94fF31dd4294/e74e6a1281457bbf.jpg,,,好记星（Ozing）
100052215503,2579.00,商品名称：小米Xiaomi Book 12.4 二合一&商品编号：100052215503&商品毛重：1.019kg&商品产地：中国大陆&屏幕尺寸：12.4英寸&能效等级：一级能效&分辨率：2560*1600&类型：二合一平板&系统：Windows&内存容量：256GB&厚度：7.1-9mm&是否支持专用键盘：支持专用键盘&运行内存：8GB&CPU核心数：八核&支持IPv6：支持IPv6&热门机型：小米平板&特性：分屏应用，高保真音质&颜色：黑色&,http://img13.360buyimg.com/n1/s450x450_jfs/t1/56330/3/24365/87675/6458d50cF8b0a1be1/bca7716f5540c773.jpg,,,小米（MI）
10028254739978,599.00,商品名称：导爱C900&商品编号：10028254739978&店铺： 导爱旗舰店&商品毛重：1.3kg&商品产地：中国大陆&货号：学习平板&内存容量：256GB&学生模式：含学生模式&支持IPv6：支持IPv6&护眼模式：莱茵认证&电池容量：9001-10000mAh&适用人群：学龄前，小学，初中生，高中生&附加功能：手机通话，拍照学习，扫描笔&接口：Type-C&家长管控：可管控&内核：十核&屏幕尺寸：12英寸&类型：学生平板&,http://img13.360buyimg.com/n1/jfs/t1/185649/25/33756/126063/6421656dF158d2380/e5911197945268d1.jpg,6+128G智慧眼3/12岁幼小初高同步学习平板,,导爱
100056375407,5299.00,商品名称：希沃XTW31A&商品编号：100056375407&商品毛重：3.9kg&商品产地：中国大陆&内存容量：128GB&学生模式：含学生模式&类型：学习机&护眼模式：莱茵认证&附加功能：支持播放MP4视频，支持屏幕手写，摄像头功能&电池容量：电源供电&适用人群：学龄前，小学&运行内存：8GB&接口：USB&家长管控：可管控&屏幕尺寸：16英寸&支持IPv6：支持IPv6&内核：八核&,http://img12.360buyimg.com/n1/s450x450_jfs/t1/133441/1/32737/113925/64466d97F8209a4d8/d97daaaf6724f33d.jpg,【旗舰星品W3】皓月白8G+128G,,希沃
100044861190,1799.00,商品名称：科大讯飞J013207&商品编号：100044861190&商品毛重：1.4kg&商品产地：中国大陆&屏幕尺寸：10.1英寸&学生模式：含学生模式&内核：八核&护眼模式：莱茵认证&内存容量：128GB&附加功能：支持屏幕手写，摄像头功能，拍照学习&运行内存：4GB&接口：Type-C&家长管控：可管控&电池容量：5001-6000mAh&类型：学生平板&支持IPv6：支持IPv6&,http://img10.360buyimg.com/n1/s450x450_jfs/t1/6726/17/14123/106487/6458af52F9c4df708/9450d01d8a27b533.jpg,C10【4+128G 赠书包】,,科大讯飞（iFLYTEK）
10051279717105,520.00,商品名称：第三星种X30 Pro&商品编号：10051279717105&店铺： 简易生活数码时代电脑整机专营店&商品毛重：500.00g&商品产地：中国大陆&货号：X30 Pro&屏幕尺寸：其他&可扩展容量：最大支持512GB&是否支持专用键盘：支持专用键盘&支持IPv6：不支持IPv6&CPU核心数：十核&系统：Android&学生模式：含学生模式&厚度：7.0mm以下&类型：二合一平板&运行内存：12GB&内存容量：512GB&家长管控：可管控&分辨率：2560*1600&特性：窄边框&颜色：白色&,http://img10.360buyimg.com/n1/jfs/t1/99175/32/37572/90720/641ae730F5d71daac/61184dcaac167002.jpg,海岛蓝丨12+128丨12.1英寸+原装蓝牙键盘,,第三星种
100029886497,3999.00,商品名称：华为HUAWEI MatePad Pro 11 &商品编号：100029886497&商品毛重：0.962kg&商品产地：中国大陆&屏幕尺寸：11英寸&分辨率：2560*1600&类型：办公平板&系统：HarmonyOS&厚度：7.0mm以下&运行内存：8GB&内存容量：256GB&支持IPv6：支持IPv6&CPU核心数：八核&热门机型：华为 MatePad Pro&颜色：黑色&,http://img12.360buyimg.com/n1/s450x450_jfs/t1/194008/38/27219/44865/63086707E0ff26a9f/7aee3b26f8010bf8.jpg,【旗舰版Pro 11】曜金黑,8+256GB WiFi,华为（HUAWEI）
10058741790193,570.00,商品名称：第三星种X30Pro&商品编号：10058741790193&店铺： 超时空电脑办公专营店&商品毛重：1.5kg&商品产地：中国大陆&货号：769760900813&屏幕尺寸：其他&可扩展容量：最大支持512GB&是否支持专用键盘：支持专用键盘&内存容量：512GB&支持IPv6：支持IPv6&优选服务：三年质保&系统：Android&学生模式：含学生模式&厚度：7.0mm以下&CPU核心数：十核&运行内存：12GB&类型：娱乐平板&家长管控：可管控&分辨率：2560*1600&特性：窄边框&颜色：其他&,http://img13.360buyimg.com/n1/jfs/t1/106219/11/40172/85161/642f898fFb0c1fd56/ea2badf08fcc6179.jpg,暗夜绿丨12+128G丨12英寸+定制原装鼠标键盘,,第三星种
100019718241,5999.00,商品名称：AppleiPad Air（第五代）&商品编号：100019718241&商品毛重：0.9kg&商品产地：中国大陆&屏幕尺寸：10.9英寸&是否支持专用键盘：支持专用键盘&支持IPv6：不支持IPv6&系统：iPadOS&类型：娱乐平板&厚度：7.0mm以下&内存容量：256GB&热门机型：iPad Air&分辨率：2360*1640&CPU核心数：八核&运行内存：其他&处理器：Apple M1芯片&颜色：粉色&,http://img11.360buyimg.com/n1/s450x450_jfs/t1/108419/27/25941/135482/6227cb45E1e7f10f4/1d9d10f571f7fb34.jpg,粉色,WLAN版 256G,Apple
10062671040536,9299.00,商品名称：苹果（Apple）iPadPro 12.9英寸&商品编号：10062671040536&店铺： 潮品聚数码旗舰店&商品毛重：1.0kg&商品产地：中国大陆&屏幕尺寸：12.9英寸&分辨率：2732*2048&类型：二合一平板&系统：iPadOS&CPU核心数：八核&支持IPv6：不支持IPv6&运行内存：8GB&厚度：7.0mm以下&内存容量：128GB&处理器：Apple M2芯片&热门机型：iPad Pro&颜色：银色&,http://img11.360buyimg.com/n1/jfs/t1/72062/23/17980/92109/640596ebF9798f7e3/331835bc22657a7d.jpg,银色【官方标配 】,128G WLAN版,苹果（Apple）
100029886529,3499.00,商品名称：华为HUAWEI MatePad Pro 11&商品编号：100029886529&商品毛重：0.9kg&商品产地：中国大陆&屏幕尺寸：11英寸&分辨率：2560*1600&支持IPv6：支持IPv6&系统：HarmonyOS&厚度：7.0mm以下&运行内存：8GB&类型：办公平板&CPU核心数：八核&内存容量：128GB&热门机型：华为 MatePad Pro&颜色：黑色&,http://img14.360buyimg.com/n1/s450x450_jfs/t1/139046/21/28779/44865/63084286Eb9b2cac8/292d7da877aa7f67.jpg,【旗舰版Pro 11】曜金黑,8+128GB WiFi,华为（HUAWEI）
10067229473068,4348.00,商品名称：苹果（Apple）iPad 10.9英寸&商品编号：10067229473068&店铺： APPLE聚石专卖店&商品毛重：0.88kg&内存容量：256GB&分辨率：1920*1280&支持IPv6：不支持IPv6&系统：iPadOS&厚度：7.0mm以下&运行内存：4GB&屏幕尺寸：10.9英寸&类型：娱乐平板&颜色：其他&,http://img13.360buyimg.com/n1/jfs/t1/189150/11/34866/18781/643e0ac2F845159da/4a1f4154b312bf53.jpg,（ipad10）银色 WLAN版,256G 【官 方 标 配】,苹果（Apple）
10042474391053,2549.00,商品名称：苹果（Apple）iPad9代&商品编号：10042474391053&店铺： 疆界旗舰店&商品毛重：1.2kg&内存容量：64GB&是否支持专用键盘：支持专用键盘&类型：二合一平板&系统：iPadOS&厚度：7.1-9mm&屏幕尺寸：10.2英寸&运行内存：其他&分辨率：2160*1620&支持IPv6：不支持IPv6&处理器：A13&特性：指纹识别&颜色：灰色&,http://img13.360buyimg.com/n1/jfs/t1/130809/18/32817/62173/645b16e7F97a48fca/6f10261a75f8b41b.jpg,灰色 WLAN款,64G【 官 方 标 配 】,苹果（Apple）
100049272602,2799.00,商品名称：vivoPA2373&商品编号：100049272602&商品毛重：1.067kg&商品产地：中国大陆&屏幕尺寸：其他&是否支持专用键盘：支持专用键盘&支持IPv6：支持IPv6&护眼模式：莱茵认证&系统：Android&CPU核心数：八核&运行内存：8GB&类型：办公平板&内存容量：256GB&厚度：7.0mm以下&分辨率：2800*2000&颜色：灰色&,http://img12.360buyimg.com/n1/s450x450_jfs/t1/114522/34/32812/48229/645b3799F90540869/c389cbda17080f4d.jpg,远山灰,8GB+256GB,vivo
100035597878,5688.00,商品名称：微软Surface Pro 8&商品编号：100035597878&商品毛重：1.61kg&商品产地：中国大陆&屏幕尺寸：其他&分辨率：2880*1920&支持IPv6：支持IPv6&系统：Windows&厚度：9.1-11mm&运行内存：8GB&内存容量：8GB&类型：二合一平板&颜色：银色&,http://img13.360buyimg.com/n1/s450x450_jfs/t1/188087/30/34897/56607/645b0521F9a02fdde/dbcf5f262624350a.jpg,Win11 i5版,i5 8G+256G 亮铂金,微软（Microsoft）
100020311405,5688.00,商品名称：微软Surface Pro 8&商品编号：100020311405&商品毛重：1.62kg&商品产地：中国大陆&屏幕尺寸：其他&分辨率：2880*1920&支持IPv6：支持IPv6&系统：Windows&厚度：9.1-11mm&运行内存：8GB&内存容量：8GB&类型：二合一平板&颜色：其他&,http://img10.360buyimg.com/n1/s450x450_jfs/t1/108662/5/39102/55471/64589cd5F8cfdb606/f3fedb55fde122d0.jpg,Win11 i5版,i5 8G+256G 石墨灰,微软（Microsoft）
100047008820,2299.00,商品名称：华为HUAWEI MatePad 11英寸2023款 &商品编号：100047008820&商品毛重：0.89kg&商品产地：中国大陆&内存容量：128GB&分辨率：2560*1600&支持IPv6：支持IPv6&系统：HarmonyOS&CPU核心数：八核&运行内存：6GB&屏幕尺寸：11英寸&厚度：7.1-9mm&类型：学习平板&热门机型：华为 MatePad&颜色：黑色&,http://img10.360buyimg.com/n1/s450x450_jfs/t1/145615/25/34909/26363/64256c23Fd8dec1fa/622d2969cf997c6d.jpg,【MatePad11新品】曜石黑,6+128GB,华为（HUAWEI）
100049272540,3099.00,商品名称：vivoPA2373&商品编号：100049272540&商品毛重：1.067kg&商品产地：中国大陆&内存容量：6GB&是否支持专用键盘：支持专用键盘&类型：其他&护眼模式：莱茵认证&系统：Android&厚度：7.0mm以下&运行内存：其他&支持IPv6：支持IPv6&屏幕尺寸：其他&分辨率：2800*2000&颜色：其他&,http://img10.360buyimg.com/n1/s450x450_jfs/t1/162715/1/37594/43318/645b38aeF38060501/b6fab525974b6d00.jpg,星云紫,12GB+256GB,vivo
100045109185,4599.00,商品名称：AppleiPad（第十代） &商品编号：100045109185&商品毛重：0.88kg&商品产地：中国大陆&屏幕尺寸：10.9英寸&分辨率：2360*1640&支持IPv6：不支持IPv6&系统：iPadOS&处理器：A14&类型：学习平板&运行内存：其他&内存容量：256GB&厚度：7.0mm以下&是否支持专用键盘：支持专用键盘&特性：指纹识别&颜色：银色&,http://img10.360buyimg.com/n1/s450x450_jfs/t1/177542/23/30454/20445/635270d1E806b31b3/8535adef586d28df.jpg,银色,iPad10代 256G WLAN版,Apple
100049272580,3399.00,商品名称：vivoPA2373&商品编号：100049272580&商品毛重：1.067kg&商品产地：中国大陆&内存容量：512GB&分辨率：2800*2000&支持IPv6：支持IPv6&护眼模式：莱茵认证&系统：Android&CPU核心数：八核&类型：办公平板&热门机型：vivo pad2&厚度：7.0mm以下&屏幕尺寸：12.1英寸&是否支持专用键盘：支持专用键盘&运行内存：12GB&颜色：紫色&,http://img10.360buyimg.com/n1/s450x450_jfs/t1/89033/26/38892/43315/645b396fF44d87123/9845ba54228f6c79.jpg,星云紫,12GB+512GB,vivo
10056514109790,5799.00,商品名称：苹果（Apple）iPad Air5 2022新款&商品编号：10056514109790&店铺： 疆界旗舰店&商品毛重：0.6kg&屏幕尺寸：10.9英寸&是否支持专用键盘：支持专用键盘&支持IPv6：不支持IPv6&系统：iPadOS&厚度：7.0mm以下&处理器：Apple M1芯片&内存容量：256GB&热门机型：iPad Air&分辨率：2360*1640&类型：二合一平板&运行内存：其他&特性：窄边框&颜色：灰色&,http://img10.360buyimg.com/n1/jfs/t1/89254/9/35457/50416/6434d8edFd3339498/8f89bc7ce49b17a3.jpg,灰色 官方标配,256G【 官 方 标 配 】,苹果（Apple）
100042731238,2299.00,商品名称：AppleiPad（第九代） &商品编号：100042731238&商品毛重：0.878kg&商品产地：中国大陆&内存容量：64GB&是否支持专用键盘：支持专用键盘&类型：其他&系统：iPadOS&厚度：7.1-9mm&屏幕尺寸：10.2英寸&运行内存：其他&处理器：A13&分辨率：2160*1620&支持IPv6：不支持IPv6&特性：指纹识别&颜色：灰色&,http://img13.360buyimg.com/n1/s450x450_jfs/t1/30335/3/20786/12838/63d62ae1Fb97e3230/257b057902e501c0.jpg,灰色,64G WLAN版,Apple
100048837244,3099.00,商品名称：小米23046RP50C&商品编号：100048837244&商品毛重：1.09kg&商品产地：中国大陆&屏幕尺寸：11英寸&分辨率：2880*1800&类型：办公平板&护眼模式：莱茵认证&系统：Android&支持IPv6：支持IPv6&CPU核心数：八核&内存容量：256GB&热门机型：小米平板&厚度：7.0mm以下&是否支持专用键盘：支持专用键盘&运行内存：12GB&特性：分屏应用，窄边框，高保真音质，AI智能语音&颜色：金色&,http://img14.360buyimg.com/n1/s450x450_jfs/t1/171598/9/32546/102047/6454f013Fb9f68186/12a84c3191b9e017.jpg,新【平板6Pro 骁龙8+】金色,12+256GB/144Hz/2.8K,小米（MI）
100014482829,3149.00,商品名称：AppleiPad（第九代） &商品编号：100014482829&商品毛重：0.892kg&商品产地：中国大陆&屏幕尺寸：10.2英寸&是否支持专用键盘：支持专用键盘&支持IPv6：不支持IPv6&系统：iPadOS&厚度：7.1-9mm&分辨率：2160*1620&运行内存：其他&内存容量：256GB&处理器：A13&类型：学习平板&特性：指纹识别&颜色：灰色&,http://img14.360buyimg.com/n1/s450x450_jfs/t1/160992/21/21370/125495/61455ccfE1e30fc7c/16233dba9a0fbb46.jpg,深空灰,256G WLAN版,Apple
100028614705,1199.00,商品名称：荣耀HEY-W09&商品编号：100028614705&商品毛重：0.85kg&商品产地：中国大陆&内存容量：128GB&分辨率：2000*1200&学生模式：含学生模式&类型：娱乐平板&支持IPv6：支持IPv6&护眼模式：莱茵认证&系统：Android&处理器：高通680&厚度：7.0mm以下&是否支持专用键盘：支持专用键盘&运行内存：4GB&CPU核心数：八核&家长管控：可管控&屏幕尺寸：12英寸&特性：分屏应用&颜色：金色&,http://img10.360buyimg.com/n1/s450x450_jfs/t1/217477/5/29468/67154/6459fd36F67e85eaa/8ad44a395fd4eb09.jpg,【荣耀平板8】晨曦金,4+128GB,荣耀（HONOR）
100048837212,2399.00,商品名称：小米23043RP34C&商品编号：100048837212&商品毛重：1.052kg&商品产地：中国大陆&屏幕尺寸：11英寸&是否支持专用键盘：支持专用键盘&支持IPv6：支持IPv6&类型：办公平板&护眼模式：莱茵认证&系统：Android&内存容量：256GB&处理器：高通骁龙870&厚度：7.0mm以下&运行内存：8GB&CPU核心数：八核&热门机型：小米平板&分辨率：2880*1800&特性：分屏应用，窄边框，高保真音质，AI智能语音&颜色：黑色&,http://img12.360buyimg.com/n1/s450x450_jfs/t1/115305/1/35593/98933/6454f129Fedeb65e5/fe95f57f427bce0e.jpg,新【小米平板6】黑色,8+256GB/144Hz/2.8K,小米（MI）
10064879697354,1118.00,商品名称：小米粽S90&商品编号：10064879697354&店铺： 小米粽官方旗舰店&商品毛重：1.6kg&商品产地：中国大陆&屏幕尺寸：12英寸&能效等级：一级能效&学生模式：含学生模式&类型：二合一平板&支持IPv6：不支持IPv6&系统：Android&优选服务：三年质保&内存容量：256GB&厚度：7.0mm以下&CPU核心数：十核&运行内存：12GB&分辨率：2560*1600&家长管控：可管控&是否支持专用键盘：支持专用键盘&特性：5G上网，分屏应用，3G或4G上网，窄边框，GPS导航，高保真音质，AI智能语音&颜色：灰色&,http://img14.360buyimg.com/n1/jfs/t1/196523/13/28490/34552/63652a77Ea9edd69f/2d9229895aa812a4.jpg,曜石灰,新Pro旗舰12G+256G原装键盘鼠标,小米粽
100029886521,4299.00,商品名称：华为HUAWEI MatePad Pro 11 &商品编号：100029886521&商品毛重：0.962kg&商品产地：中国大陆&屏幕尺寸：11英寸&分辨率：2560*1600&类型：办公平板&系统：HarmonyOS&厚度：7.0mm以下&运行内存：8GB&内存容量：256GB&支持IPv6：支持IPv6&CPU核心数：八核&热门机型：华为 MatePad Pro&颜色：黑色&,http://img11.360buyimg.com/n1/s450x450_jfs/t1/150883/7/26546/44865/63086793E8799c2a9/3d05a1d7135bd680.jpg,【性能版Pro 11】曜金黑,8+256GB WiFi,华为（HUAWEI）
100031023112,2349.00,商品名称：小米小米平板&商品编号：100031023112&商品毛重：0.87kg&商品产地：中国大陆&屏幕尺寸：11英寸&是否支持专用键盘：支持专用键盘&内存容量：256GB&类型：娱乐平板&护眼模式：莱茵认证&系统：Android&厚度：7.0mm以下&处理器：高通骁龙870&分辨率：2560*1600&热门机型：小米平板5&CPU核心数：八核&支持IPv6：支持IPv6&运行内存：8GB&特性：分屏应用&颜色：白色&,http://img12.360buyimg.com/n1/s450x450_jfs/t1/175431/17/35613/47813/64366dc3Fb841588c/2a13ab6186c3269b.jpg,小米平板5 Pro 11 白色,【Pro性能版】8+256G/120Hz/WIFI,小米（MI）
100044430053,4298.00,商品名称：AppleiPad（第十代） &商品编号：100044430053&商品毛重：0.88kg&商品产地：中国大陆&屏幕尺寸：10.9英寸&分辨率：2360*1640&支持IPv6：不支持IPv6&系统：iPadOS&处理器：A14&类型：学习平板&运行内存：其他&内存容量：256GB&厚度：7.0mm以下&是否支持专用键盘：支持专用键盘&特性：指纹识别&颜色：银色&,http://img13.360buyimg.com/n1/s450x450_jfs/t1/199162/22/27567/20445/63511bc2E5c6b3e19/80759c310e6247cb.jpg,银色,256G Wlan版,Apple
10063979835056,7599.00,商品名称：苹果（Apple）iPad Pro11&商品编号：10063979835056&店铺： APPLE聚石专卖店&商品毛重：1.0kg&内存容量：256GB&分辨率：2388*1668&运行内存：其他&类型：二合一平板&支持IPv6：支持IPv6&厚度：7.0mm以下&系统：iPadOS&颜色：其他&,http://img11.360buyimg.com/n1/jfs/t1/165788/24/35147/93551/64567edfF01c44d02/828f1b301a44fbf7.jpg,22款11英寸灰色【 官 方 标 配 】,256G WLAN版,苹果（Apple）
100029886519,3499.00,商品名称：华为HUAWEI MatePad Pro 11&商品编号：100029886519&商品毛重：0.9kg&商品产地：中国大陆&屏幕尺寸：11英寸&分辨率：2560*1600&支持IPv6：支持IPv6&系统：HarmonyOS&厚度：7.0mm以下&运行内存：8GB&类型：办公平板&CPU核心数：八核&内存容量：128GB&热门机型：华为 MatePad Pro&颜色：白色&,http://img14.360buyimg.com/n1/s450x450_jfs/t1/101227/9/20016/40587/63086741E5311f194/0bbbc87fdb624e6b.jpg,【旗舰版Pro 11】晶钻白,8+128GB WiFi,华为（HUAWEI）
10058287360766,2098.00,商品名称：小米（MI）小米平板5系列&商品编号：10058287360766&店铺： 头号卖家旗舰店&商品毛重：500.00g&屏幕尺寸：11英寸&分辨率：1920*1280&支持IPv6：不支持IPv6&护眼模式：莱茵认证&系统：Android&厚度：7.0mm以下&运行内存：8GB&内存容量：256GB&类型：二合一平板&热门机型：小米平板&颜色：黑色&,http://img11.360buyimg.com/n1/jfs/t1/72028/11/26595/86597/6438f80bFc584c2b1/0207e5649f15cb0b.jpg,5Pro 8+256GB 黑色,,小米（MI）
10056656542468,5799.00,商品名称：苹果（Apple）iPad Air5&商品编号：10056656542468&店铺： 潮品聚数码旗舰店&商品毛重：0.6kg&内存容量：64GB&是否支持专用键盘：支持专用键盘&支持IPv6：不支持IPv6&系统：iPadOS&厚度：7.0mm以下&热门机型：iPad Air&分辨率：2360*1640&处理器：Apple M1芯片&特性：窄边框&类型：二合一平板&,http://img13.360buyimg.com/n1/jfs/t1/99574/15/38567/26368/6459bbd3F85c80e36/9f4652ee347c9309.jpg,星光,256G【官方标配 】,苹果（Apple）
100029886493,4299.00,商品名称：华为HUAWEI MatePad Pro 11&商品编号：100029886493&商品毛重：0.962kg&商品产地：中国大陆&屏幕尺寸：11英寸&分辨率：2560*1600&类型：办公平板&系统：HarmonyOS&厚度：7.0mm以下&运行内存：8GB&内存容量：256GB&支持IPv6：支持IPv6&CPU核心数：八核&热门机型：华为 MatePad Pro&颜色：白色&,http://img13.360buyimg.com/n1/s450x450_jfs/t1/194469/30/26628/40587/63086822E4aaa1127/28a9a3d77c635af6.jpg,【性能版Pro 11】晶钻白,8+256GB WiFi,华为（HUAWEI）
100045664974,3399.00,商品名称：OPPOOPD2201&商品编号：100045664974&商品毛重：1.174kg&商品产地：中国大陆&屏幕尺寸：11.61英寸&分辨率：2800*2000&支持IPv6：支持IPv6&类型：办公平板&护眼模式：莱茵认证&系统：ColorOS&内存容量：256GB&CPU核心数：八核&热门机型：OPPO Pad 2&运行内存：12GB&厚度：7.0mm以下&家长管控：可管控&是否支持专用键盘：支持专用键盘&特性：分屏应用，窄边框&颜色：灰色&,http://img14.360buyimg.com/n1/s450x450_jfs/t1/198100/30/34363/63788/645c9d33F9028bba3/a851b04ca7428788.jpg,星云灰,12GB+256GB,OPPO
10067345367900,2929.00,商品名称：苹果（Apple）ipad&商品编号：10067345367900&店铺： 潮品聚数码旗舰店&商品毛重：1.0kg&商品产地：中国大陆&内存容量：256GB&分辨率：2160*1620&类型：娱乐平板&系统：iPadOS&处理器：A14&运行内存：3GB&是否支持专用键盘：支持专用键盘&支持IPv6：不支持IPv6&厚度：7.0mm以下&特性：5G上网，指纹识别，窄边框，GPS导航，AI智能语音&颜色：灰色&,http://img10.360buyimg.com/n1/jfs/t1/101458/28/39308/18404/6426476fFff61dace/8156dc6f322774fe.jpg,【ipad 9代 】灰色,256G 【国行标配 】,苹果（Apple）
10073476248345,3999.00,商品名称：作业帮学习机【咨询优先发货】学习平板电脑家教机小初高九科同步学辅导机AI诊断规划12.7英寸 【AI智能护眼学习机】12.7英寸_8+256G&商品编号：10073476248345&店铺： 作业帮电子教育官方旗舰店&商品毛重：1.0kg&内存容量：256GB&学生模式：含学生模式&支持IPv6：支持IPv6&护眼模式：莱茵认证&屏幕尺寸：12.7英寸&适用人群：学龄前，小学，初中生，高中生&运行内存：8GB&接口：Type-C&家长管控：可管控&电池容量：8001-9000mAh&内核：八核&类型：学习机&,http://img10.360buyimg.com/n1/jfs/t1/111844/40/35285/109857/645dc4f6Fcc5ad5b5/899cffc768a66eef.png,【AI智能护眼学习机】12.7英寸_8+256G,,作业帮
10046044076330,5798.00,商品名称：苹果（Apple） ipad air5 10.9英寸平板电脑   M1芯片 Air5【 256G 】【 蓝色 】  WIFI版 【官方标配】&商品编号：10046044076330&店铺： APPLE翔合专卖店&商品毛重：461.00g&商品产地：其他&内存容量：64GB&分辨率：2360*1640&支持IPv6：不支持IPv6&系统：iPadOS&厚度：7.0mm以下&运行内存：其他&类型：其他&特性：指纹识别&颜色：其他&,http://img10.360buyimg.com/n1/jfs/t1/71501/27/24930/25304/64492590F291a5350/64f81819847791f9.jpg,Air5【 256G 】【 蓝色 】,WIFI版 【官方标配】,苹果（Apple）
100034710066,5599.00,商品名称：AppleiPad Air（第五代）&商品编号：100034710066&商品毛重：0.84kg&商品产地：中国大陆&屏幕尺寸：10.9英寸&是否支持专用键盘：支持专用键盘&支持IPv6：不支持IPv6&系统：iPadOS&类型：娱乐平板&厚度：7.0mm以下&内存容量：256GB&热门机型：iPad Air&分辨率：2360*1640&CPU核心数：八核&运行内存：其他&处理器：Apple M1芯片&颜色：蓝色&,http://img11.360buyimg.com/n1/s450x450_jfs/t1/217139/7/24699/41508/645b5842Fbf89dc3d/401514236cd42ebd.jpg,蓝色,WLAN版 256G,Apple
10058741790194,670.00,商品名称：第三星种X30Pro&商品编号：10058741790194&店铺： 超时空电脑办公专营店&商品毛重：1.5kg&商品产地：中国大陆&货号：769760900813&屏幕尺寸：其他&可扩展容量：最大支持512GB&是否支持专用键盘：支持专用键盘&内存容量：512GB&支持IPv6：支持IPv6&优选服务：三年质保&系统：Android&学生模式：含学生模式&厚度：7.0mm以下&CPU核心数：十核&运行内存：12GB&类型：娱乐平板&家长管控：可管控&分辨率：2560*1600&特性：窄边框&颜色：其他&,http://img14.360buyimg.com/n1/jfs/t1/106219/11/40172/85161/642f898fFb0c1fd56/ea2badf08fcc6179.jpg,流光银丨12+256G丨12英寸+定制原装鼠标键盘,,第三星种
100044430055,4298.00,商品名称：AppleiPad（第十代） &商品编号：100044430055&商品毛重：0.89kg&商品产地：中国大陆&屏幕尺寸：10.9英寸&分辨率：2360*1640&类型：学习平板&系统：iPadOS&处理器：A14&支持IPv6：不支持IPv6&运行内存：其他&内存容量：256GB&厚度：7.0mm以下&是否支持专用键盘：支持专用键盘&特性：指纹识别&颜色：蓝色&,http://img10.360buyimg.com/n1/s450x450_jfs/t1/38588/30/19735/24950/63511c42Ec34ca1f0/8a9ca03886e6f9f4.jpg,蓝色,256G Wlan版,Apple
100035754122,1999.00,商品名称：小度小度智能学习平板&商品编号：100035754122&商品毛重：1.48kg&商品产地：中国大陆&屏幕尺寸：10.1英寸&学生模式：含学生模式&类型：学生平板&支持IPv6：支持IPv6&内存容量：256GB&运行内存：4GB&接口：Type-C&家长管控：可管控&附加功能：MP3播放，摄像头功能，拍照学习&电池容量：6001-7000mAh&内核：八核&,http://img12.360buyimg.com/n1/s450x450_jfs/t1/87171/31/37744/172534/645c5c6bF649d3ada/1250cb845f1b5c2c.jpg,【年度金榜单品】类纸护眼屏G16,,小度
100044025945,9299.00,商品名称：Apple11英寸 ipad Pro（第四代）&商品编号：100044025945&商品毛重：0.88kg&商品产地：中国大陆&屏幕尺寸：11英寸&分辨率：2388*1668&支持IPv6：不支持IPv6&系统：iPadOS&厚度：7.0mm以下&类型：其他&运行内存：其他&处理器：Apple M2芯片&是否支持专用键盘：支持专用键盘&内存容量：512GB&CPU核心数：八核&颜色：灰色&,http://img10.360buyimg.com/n1/s450x450_jfs/t1/131307/14/32039/62228/634ee51bE9a5fa572/aeebdbb4ad85e1cf.jpg,11英寸 灰色,WLAN版 512G,Apple
100029886515,5499.00,商品名称：华为HUAWEI MatePad Pro 11&商品编号：100029886515&商品毛重：0.962kg&商品产地：中国大陆&屏幕尺寸：11英寸&分辨率：2560*1600&支持IPv6：支持IPv6&系统：HarmonyOS&厚度：7.0mm以下&热门机型：华为 MatePad Pro&类型：办公平板&CPU核心数：八核&内存容量：512GB&运行内存：12GB&颜色：黑色&,http://img10.360buyimg.com/n1/s450x450_jfs/t1/198123/18/26620/44865/63083b55E90ed500d/77277ebc68a63409.jpg,【性能版Pro 11】曜金黑,12+512GB WiFi,华为（HUAWEI）
100035134114,1899.00,商品名称：华为HUAWEI MatePad&商品编号：100035134114&商品毛重：0.82kg&商品产地：中国大陆&内存容量：128GB&学生模式：含学生模式&分辨率：2000*1200&类型：娱乐平板&护眼模式：莱茵认证&系统：HarmonyOS&屏幕尺寸：10.4英寸&厚度：7.1-9mm&热门机型：华为 MatePad&运行内存：6GB&处理器：海思麒麟 710A&家长管控：可管控&支持IPv6：支持IPv6&特性：分屏应用&颜色：灰色&,http://img14.360buyimg.com/n1/s450x450_jfs/t1/117398/35/29748/37550/63089f35E9f0d7a6e/15479214e89259dc.jpg,MatePad10.4 旗舰WiFi版 曜石灰,6+128GB,华为（HUAWEI）
100048837242,3399.00,商品名称：小米23046RP50C&商品编号：100048837242&商品毛重：1.07kg&商品产地：中国大陆&屏幕尺寸：11英寸&是否支持专用键盘：支持专用键盘&类型：办公平板&护眼模式：莱茵认证&系统：Android&支持IPv6：支持IPv6&厚度：7.0mm以下&CPU核心数：八核&运行内存：12GB&热门机型：小米平板&分辨率：2880*1800&内存容量：512GB&特性：分屏应用，窄边框，高保真音质，AI智能语音&颜色：黑色&,http://img12.360buyimg.com/n1/s450x450_jfs/t1/203322/4/34604/99032/6454f026F44fea2d5/35844c33182c216d.jpg,新【平板6Pro 骁龙8+】黑色,12+512GB/144Hz/2.8K,小米（MI）
62567791206,3499.00,商品名称：华为（HUAWEI） 华为平板电脑MatePad Pro 10.8全面屏商务办公影音娱乐儿童学习平板 夜阑灰 WIFI (8GB+128GB)&商品编号：62567791206&店铺： 昌族数码官方旗舰店&商品毛重：0.6kg&内存容量：128GB&可扩展容量：最大支持256GB&分辨率：2560*1600&支持IPv6：不支持IPv6&系统：HarmonyOS&CPU核心数：八核&热门机型：华为 MatePad Pro&厚度：7.1-9mm&运行内存：8GB&特性：分屏应用&类型：二合一平板&,http://img11.360buyimg.com/n1/jfs/t1/145053/25/33249/73152/645df868Fa3d21d9c/dc82c610601dec84.jpg,夜阑灰,WIFI (8GB+128GB),华为（HUAWEI）
100029886525,3999.00,商品名称：华为HUAWEI MatePad Pro 11&商品编号：100029886525&商品毛重：0.962kg&商品产地：中国大陆&屏幕尺寸：11英寸&分辨率：2560*1600&类型：办公平板&系统：HarmonyOS&厚度：7.0mm以下&运行内存：8GB&内存容量：256GB&支持IPv6：支持IPv6&CPU核心数：八核&热门机型：华为 MatePad Pro&颜色：白色&,http://img10.360buyimg.com/n1/s450x450_jfs/t1/141068/35/28752/40587/630866c4E8d1e43bb/eab192dd1a4c95ef.jpg,【旗舰版Pro 11】晶钻白,8+256GB WiFi,华为（HUAWEI）
100047008842,2299.00,商品名称：华为HUAWEI MatePad 11英寸2023款&商品编号：100047008842&商品毛重：0.863kg&商品产地：中国大陆&内存容量：128GB&分辨率：2560*1600&支持IPv6：支持IPv6&系统：HarmonyOS&CPU核心数：八核&运行内存：6GB&屏幕尺寸：11英寸&厚度：7.1-9mm&类型：学习平板&热门机型：华为 MatePad&颜色：蓝色&,http://img12.360buyimg.com/n1/s450x450_jfs/t1/171643/14/30482/36455/642fd9d3Fdba76fdf/dee5e8d4307be131.jpg,【MatePad11新品】海岛蓝,6+128GB,华为（HUAWEI）
100056664637,3399.00,商品名称：vivoPA2373&商品编号：100056664637&商品毛重：1.067kg&商品产地：中国大陆&内存容量：6GB&是否支持专用键盘：支持专用键盘&支持IPv6：支持IPv6&护眼模式：莱茵认证&系统：Android&CPU核心数：八核&类型：办公平板&热门机型：vivo pad2&厚度：7.0mm以下&运行内存：12GB&分辨率：2800*2000&屏幕尺寸：其他&颜色：蓝色&,http://img12.360buyimg.com/n1/s450x450_jfs/t1/94375/12/36086/50311/645b38e5F0c65f015/6a714c2ac3323b3e.jpg,晴海蓝,12GB+512GB,vivo
100019718239,5999.00,商品名称：AppleiPad Air（第五代）&商品编号：100019718239&商品毛重：0.9kg&商品产地：中国大陆&屏幕尺寸：10.9英寸&是否支持专用键盘：支持专用键盘&类型：娱乐平板&系统：iPadOS&运行内存：其他&厚度：7.0mm以下&内存容量：256GB&热门机型：iPad Air&分辨率：2360*1640&CPU核心数：八核&支持IPv6：不支持IPv6&处理器：Apple M1芯片&颜色：星光色&,http://img14.360buyimg.com/n1/s450x450_jfs/t1/113683/29/35254/31437/645b578fFddeff2a4/6571a90711b3326e.jpg,星光色,WLAN版 256G,Apple
100037028289,7499.00,商品名称：华为HUAWEI MatePad Pro&商品编号：100037028289&商品毛重：1.7kg&商品产地：中国大陆&内存容量：512GB&分辨率：2560*1600&支持IPv6：支持IPv6&护眼模式：莱茵认证&系统：HarmonyOS&厚度：7.0mm以下&运行内存：12GB&类型：办公平板&屏幕尺寸：12.6英寸&颜色：其他&,http://img14.360buyimg.com/n1/s450x450_jfs/t1/204072/34/26962/46445/63296fafE51f67ad6/26c89fb20c99997a.jpg,【MatePad Pro 12.6】锦白,12+512G,华为（HUAWEI）
10043578667381,2929.00,商品名称：苹果（Apple）iPad9代&商品编号：10043578667381&店铺： 疆界旗舰店&商品毛重：1.2kg&内存容量：256GB&是否支持专用键盘：支持专用键盘&类型：二合一平板&系统：iPadOS&厚度：7.1-9mm&屏幕尺寸：10.2英寸&运行内存：其他&分辨率：2160*1620&支持IPv6：不支持IPv6&处理器：A13&特性：指纹识别&颜色：银色&,http://img11.360buyimg.com/n1/jfs/t1/146687/36/34109/61940/645b16e8F5ceccb49/9bfa3d722cca2712.jpg,银色 WLAN款,256G【 官 方 标 配 】,苹果（Apple）
10070132576758,3198.00,商品名称：苹果（Apple）ipad 10.2&商品编号：10070132576758&店铺： APPLE聚石专卖店&商品毛重：0.775kg&货号：ipad 10.2&厚度：7.0mm以下&运行内存：4GB&分辨率：1920*1280&类型：娱乐平板&支持IPv6：不支持IPv6&内存容量：64GB&系统：iPadOS&颜色：其他&,http://img13.360buyimg.com/n1/jfs/t1/81425/23/25978/14121/64465224F099c3c3b/c2db5386e1e2c0f8.jpg,银色,256G WLAN版 标配,苹果（Apple）
100056375397,2399.00,商品名称：小米23043RP34C&商品编号：100056375397&商品毛重：1.06kg&商品产地：中国大陆&屏幕尺寸：11英寸&是否支持专用键盘：支持专用键盘&类型：办公平板&护眼模式：莱茵认证&系统：Android&支持IPv6：支持IPv6&处理器：高通骁龙870&内存容量：256GB&运行内存：8GB&厚度：7.0mm以下&热门机型：小米平板&分辨率：2880*1800&特性：分屏应用，窄边框，高保真音质，AI智能语音&颜色：蓝色&,http://img12.360buyimg.com/n1/s450x450_jfs/t1/213443/23/29562/100437/6454f139Fa27dcc33/0ac09b387312a2a2.jpg,新【小米平板6】远山蓝,8+256GB/144Hz/2.8K,小米（MI）
100053574855,1699.00,商品名称：华为AGS5-AL00&商品编号：100053574855&商品毛重：0.7kg&商品产地：中国大陆&内存容量：128GB&分辨率：2000*1200&支持IPv6：支持IPv6&护眼模式：莱茵认证&系统：HarmonyOS&厚度：7.1-9mm&运行内存：6GB&屏幕尺寸：10.4英寸&热门机型：华为 MatePad&类型：学习平板&颜色：黑色&,http://img10.360buyimg.com/n1/s450x450_jfs/t1/75823/10/24285/43600/63f336a4F7ee6603c/33630da5648fca68.jpg,【MatePad SE LTE版】曜石黑,6+128GB,华为（HUAWEI）
10057981048559,2549.00,商品名称：苹果（Apple） 2021年新款iPad10.2英寸A13芯片平板电脑 WLAN版 银色 64G 【官方标配】&商品编号：10057981048559&店铺： 苹果酷利通专卖店&商品毛重：100.00g&内存容量：64GB&分辨率：2160*1620&支持IPv6：支持IPv6&系统：iPadOS&厚度：7.1-9mm&运行内存：3GB&是否支持专用键盘：支持专用键盘&类型：娱乐平板&处理器：A13&特性：指纹识别&颜色：银色&,http://img14.360buyimg.com/n1/jfs/t1/223031/9/17668/24633/62fa181fE5808a08b/0a4979746973c2f8.jpg,银色,64G 【官方标配】,苹果（Apple）
100044025899,7599.00,商品名称：Apple11英寸 ipad Pro（第四代）&商品编号：100044025899&商品毛重：0.88kg&商品产地：中国大陆&屏幕尺寸：11英寸&是否支持专用键盘：支持专用键盘&类型：其他&系统：iPadOS&厚度：7.0mm以下&分辨率：2388*1668&运行内存：其他&处理器：Apple M2芯片&CPU核心数：八核&支持IPv6：不支持IPv6&内存容量：256GB&颜色：银色&,http://img14.360buyimg.com/n1/s450x450_jfs/t1/193828/27/28526/62656/634ee22fEc9fde68f/4ac88f7808e24824.jpg,11英寸 银色,WLAN版 256G,Apple
10046686403377,1228.00,商品名称：华为（HUAWEI）2022款MatePad 10.4&商品编号：10046686403377&店铺： 华为次第华开专卖店&商品毛重：450.00g&内存容量：128GB&可扩展容量：最大支持512GB&分辨率：2000*1200&类型：二合一平板&系统：Android&CPU核心数：八核&运行内存：6GB&厚度：7.1-9mm&支持IPv6：不支持IPv6&,http://img12.360buyimg.com/n1/jfs/t1/126421/11/31874/53115/644b1df5F70f32421/cd2367ebf616a737.png,麒麟版10.4丨6+128G WiFi版 曜石灰,,华为（HUAWEI）
100045109211,4599.00,商品名称：AppleiPad（第十代） &商品编号：100045109211&商品毛重：0.89kg&商品产地：中国大陆&屏幕尺寸：10.9英寸&分辨率：2360*1640&类型：学习平板&系统：iPadOS&处理器：A14&支持IPv6：不支持IPv6&运行内存：其他&内存容量：256GB&厚度：7.0mm以下&是否支持专用键盘：支持专用键盘&特性：指纹识别&颜色：粉色&,http://img11.360buyimg.com/n1/s450x450_jfs/t1/169381/7/31308/24935/63527169Eb9648f13/394a831a61bc9e62.jpg,粉色,iPad10代 256G WLAN版,Apple
100026863572,2249.00,商品名称：AppleiPad（第九代） &商品编号：100026863572&商品毛重：0.873kg&商品产地：中国大陆&屏幕尺寸：10.2英寸&是否支持专用键盘：支持专用键盘&类型：学习平板&系统：iPadOS&厚度：7.1-9mm&内存容量：64GB&运行内存：其他&处理器：A13&分辨率：2160*1620&支持IPv6：不支持IPv6&特性：指纹识别&颜色：银色&,http://img12.360buyimg.com/n1/s450x450_jfs/t1/210416/21/1012/123885/61455c54Ef719f4b4/d4e051ed5b8eec52.jpg,银色,64G WLAN版,Apple
10074337576374,998.00,商品名称：小霸王学生平板 新款8核256G幼儿园小学初中高中同步学生电脑点读机学习机  AR指读（4G+256G）+全科学&商品编号：10074337576374&店铺： 景丰达数码专营店&商品毛重：100.00g&屏幕尺寸：10.1英寸&学生模式：含学生模式&电池容量：4000-5000mAh&适用人群：学龄前，小学，初中生，高中生&运行内存：4GB&接口：Type-C&家长管控：可管控&内存容量：256GB&支持IPv6：不支持IPv6&类型：学习机&,http://img14.360buyimg.com/n1/jfs/t1/188744/9/35004/38823/644b33e6F19376670/b442b74a210191bb.jpg,AR指读（4G+256G）+全科学,,小霸王
100051302577,2699.00,商品名称：荣耀荣耀平板V8 Pro&商品编号：100051302577&商品毛重：0.979kg&商品产地：中国大陆&屏幕尺寸：12.1英寸&分辨率：2560*1600&支持IPv6：支持IPv6&护眼模式：莱茵认证&系统：MagicOS&学生模式：含学生模式&CPU核心数：八核&类型：办公平板&运行内存：8GB&厚度：7.0mm以下&家长管控：可管控&是否支持专用键盘：支持专用键盘&内存容量：256GB&颜色：灰色&,http://img12.360buyimg.com/n1/s450x450_jfs/t1/7042/24/21373/71557/645900d9F0ad9fe9f/7928288a4212b698.jpg,【V8 pro】星空灰,8+256GB,荣耀（HONOR）
100030101538,2078.00,商品名称：AppleiPad&商品编号：100030101538&商品毛重：0.88kg&商品产地：以实物为准&内存容量：64GB&分辨率：2160*1620&类型：其他&系统：iPadOS&厚度：7.1-9mm&运行内存：其他&处理器：A13&支持IPv6：不支持IPv6&屏幕尺寸：10.2英寸&颜色：灰色&,http://img13.360buyimg.com/n1/jfs/t1/42483/21/19055/67080/62afd720E5b67f423/402e957d09b51565.jpg,ipad9代 64GB 深空灰色,,Apple
10022196868466,7299.00,商品名称：苹果（Apple）iPad Pro 2022款&商品编号：10022196868466&店铺： 疆界旗舰店&商品毛重：2.34kg&内存容量：256GB&分辨率：2388*1668&类型：二合一平板&系统：iPadOS&屏幕尺寸：11英寸&处理器：Apple M2芯片&支持IPv6：不支持IPv6&热门机型：iPad Pro&是否支持专用键盘：支持专用键盘&运行内存：其他&厚度：7.0mm以下&特性：窄边框&颜色：其他&,http://img11.360buyimg.com/n1/jfs/t1/197001/2/34289/92554/645c637bFf16bc336/7f83100a0cd89800.jpg,11  寸 银色 官 方 标 配,256G WLAN版,苹果（Apple）
10043578667380,3649.00,商品名称：苹果（Apple）iPad9代&商品编号：10043578667380&店铺： 疆界旗舰店&商品毛重：1.2kg&内存容量：256GB&是否支持专用键盘：支持专用键盘&类型：二合一平板&系统：iPadOS&厚度：7.1-9mm&屏幕尺寸：10.2英寸&运行内存：其他&分辨率：2160*1620&支持IPv6：不支持IPv6&处理器：A13&特性：指纹识别&颜色：灰色&,http://img10.360buyimg.com/n1/jfs/t1/130809/18/32817/62173/645b16e7F97a48fca/6f10261a75f8b41b.jpg,灰色 WLAN款,256G【 官 方 标 配 】,苹果（Apple）
10039426317845,3899.00,商品名称：苹果（Apple） ipad9代 2021款苹果平板电脑10.2英寸A13芯片 【21款】256G WiFi版 深空灰 【官方标配】&商品编号：10039426317845&店铺： OKSJ数码旗舰店&商品毛重：0.887kg&商品产地：中国大陆&内存容量：64GB&分辨率：2160*1620&类型：娱乐平板&系统：iPadOS&处理器：A13&运行内存：其他&支持IPv6：支持IPv6&厚度：7.1-9mm&特性：指纹识别&颜色：其他&,http://img10.360buyimg.com/n1/jfs/t1/197817/33/9587/164104/614c33a4E73961af1/728e6d7e1d1173c4.jpg,【21款】256G WiFi版 深空灰,【官方标配】,Apple
10056514109784,5799.00,商品名称：苹果（Apple）iPad Air5 2022新款&商品编号：10056514109784&店铺： 疆界旗舰店&商品毛重：0.6kg&屏幕尺寸：10.9英寸&是否支持专用键盘：支持专用键盘&支持IPv6：不支持IPv6&系统：iPadOS&内存容量：256GB&处理器：Apple M1芯片&厚度：7.0mm以下&热门机型：iPad Air&分辨率：2360*1640&类型：二合一平板&运行内存：其他&特性：窄边框&颜色：紫色&,http://img14.360buyimg.com/n1/jfs/t1/200484/34/31831/56383/6434d8edFb5b5143a/7c108bed6ae3ca91.jpg,紫色 官方标配,256G【 官 方 标 配 】,苹果（Apple）
10063979835063,6699.00,商品名称：苹果（Apple）iPad Pro11&商品编号：10063979835063&店铺： APPLE聚石专卖店&商品毛重：1.0kg&内存容量：128GB&分辨率：2388*1668&运行内存：其他&类型：二合一平板&支持IPv6：支持IPv6&厚度：7.0mm以下&系统：iPadOS&颜色：其他&,http://img13.360buyimg.com/n1/jfs/t1/216106/8/22929/57931/6365cb36E7654ba2f/4bbee31b9f8c13bb.jpg,22款11英寸银色【 官 方 标 配 】,128G WLAN版,苹果（Apple）
100051253849,4999.00,商品名称：华为HUAWEI MateBook E Go 2023款&商品编号：100051253849&商品毛重：2.24kg&商品产地：中国大陆&内存容量：512GB&分辨率：2560*1600&类型：二合一平板&系统：Windows&CPU核心数：八核&运行内存：16GB&屏幕尺寸：12.3英寸&厚度：7.1-9mm&支持IPv6：支持IPv6&颜色：灰色&,http://img14.360buyimg.com/n1/s450x450_jfs/t1/109185/33/40173/60490/645c64d9F0ab55b71/0443ae2b56e90b43.jpg,星云灰+星云灰键盘,【2023版】16+512GB,华为（HUAWEI）
100037028255,5499.00,商品名称：华为HUAWEI MateBook E Go 性能版&商品编号：100037028255&商品毛重：2.2kg&商品产地：中国大陆&内存容量：512GB&分辨率：2560*1600&类型：二合一平板&系统：Windows&CPU核心数：八核&运行内存：16GB&屏幕尺寸：12.3英寸&厚度：7.1-9mm&支持IPv6：支持IPv6&颜色：灰色&,http://img10.360buyimg.com/n1/s450x450_jfs/t1/123036/19/37403/60329/645c58c2F71b8277b/851b8c6921f351c3.jpg,星云灰+星云灰键盘,【性能版】16+512GB,华为（HUAWEI）
100029886531,4299.00,商品名称：华为HUAWEI MatePad Pro 11 &商品编号：100029886531&商品毛重：0.962kg&商品产地：中国大陆&屏幕尺寸：11英寸&分辨率：2560*1600&类型：办公平板&系统：HarmonyOS&厚度：7.0mm以下&运行内存：8GB&内存容量：256GB&支持IPv6：支持IPv6&CPU核心数：八核&热门机型：华为 MatePad Pro&颜色：蓝色&,http://img11.360buyimg.com/n1/s450x450_jfs/t1/206892/29/26021/42997/6308689aEea6d5528/1cbb5c30126cf152.jpg,【性能版Pro 11】星河蓝,8+256GB WiFi,华为（HUAWEI）
10053356033078,998.00,商品名称：优学派U17+&商品编号：10053356033078&店铺： 优学派百纪航专卖店&商品毛重：1.0kg&屏幕尺寸：8英寸&学生模式：含学生模式&类型：学生平板&适用人群：学龄前，小学&附加功能：支持扩展存储卡，支持屏幕手写，摄像头功能&接口：USB&家长管控：可管控&电池容量：4000-5000mAh&内核：四核&支持IPv6：支持IPv6&,http://img13.360buyimg.com/n1/jfs/t1/175782/18/37531/100971/6459fb82Fefb1b1ce/97ba4e223ce0d43c.jpg,,,优学派
10062671040532,8419.00,商品名称：苹果（Apple）iPadPro 12.9英寸&商品编号：10062671040532&店铺： 潮品聚数码旗舰店&商品毛重：1.0kg&商品产地：中国大陆&内存容量：256GB&分辨率：2732*2048&支持IPv6：不支持IPv6&系统：iPadOS&CPU核心数：八核&类型：二合一平板&热门机型：iPad Pro&厚度：7.0mm以下&运行内存：8GB&处理器：Apple M2芯片&屏幕尺寸：12.9英寸&颜色：灰色&,http://img12.360buyimg.com/n1/jfs/t1/31375/11/20987/91849/640596e7F6a52a82d/ad5d83747283bd9b.jpg,灰色【官方标配 】,256G WLAN版,苹果（Apple）
100029886513,7699.00,商品名称：华为HUAWEI MatePad Pro 11&商品编号：100029886513&商品毛重：0.962kg&商品产地：中国大陆&屏幕尺寸：11英寸&分辨率：2560*1600&支持IPv6：支持IPv6&系统：HarmonyOS&厚度：7.0mm以下&热门机型：华为 MatePad Pro&内存容量：512GB&CPU核心数：八核&运行内存：12GB&类型：办公平板&颜色：白色&,http://img13.360buyimg.com/n1/s450x450_jfs/t1/126605/20/29394/41191/63083fa2E8ca706d0/de7c115c8d9c4bc9.jpg,【性能版Pro 11】晶钻白,12+512GB LTE,华为（HUAWEI）
100039567956,1099.00,商品名称：联想小新Pad 2022&商品编号：100039567956&商品毛重：0.76kg&商品产地：中国大陆&屏幕尺寸：10.6英寸&可扩展容量：最大支持1TB&学生模式：含学生模式&类型：娱乐平板&护眼模式：莱茵认证&系统：Android&是否支持专用键盘：不支持专用键盘&厚度：7.1-9mm&分辨率：2000*1200&运行内存：6GB&优选服务：两年质保&家长管控：可管控&支持IPv6：支持IPv6&内存容量：128GB&颜色：天蓝色&,http://img11.360buyimg.com/n1/s450x450_jfs/t1/221071/36/22741/84594/645cc242Fff333588/d858e707f547fce5.jpg,【pad 静湖蓝】,6+128GB,联想（Lenovo）
10056514109808,5799.00,商品名称：苹果（Apple）iPad Air5 2022新款&商品编号：10056514109808&店铺： 疆界旗舰店&商品毛重：0.6kg&屏幕尺寸：10.9英寸&是否支持专用键盘：支持专用键盘&支持IPv6：不支持IPv6&系统：iPadOS&内存容量：256GB&厚度：7.0mm以下&分辨率：2360*1640&热门机型：iPad Air&类型：二合一平板&处理器：Apple M1芯片&运行内存：其他&特性：窄边框&颜色：粉色&,http://img13.360buyimg.com/n1/jfs/t1/164456/23/36615/55983/6434d8edF864ee44e/bc2a598e3d48a252.jpg,粉色 官方标配,256G【 官 方 标 配 】,苹果（Apple）
100044523103,5999.00,商品名称：华为HUAWEI MateBook E Go 性能版&商品编号：100044523103&商品毛重：2.18kg&商品产地：中国大陆&内存容量：1TB&分辨率：2560*1600&类型：二合一平板&系统：Windows&CPU核心数：八核&运行内存：16GB&屏幕尺寸：12.3英寸&厚度：7.1-9mm&支持IPv6：支持IPv6&颜色：灰色&,http://img13.360buyimg.com/n1/s450x450_jfs/t1/75698/38/24405/46672/63b43775F2fe6a5aa/575d208628c214de.jpg,星云灰+星云灰键盘,【性能版】16+1TB,华为（HUAWEI）
100033749740,1699.00,商品名称：联想拯救者Y700&商品编号：100033749740&商品毛重：0.843kg&商品产地：中国大陆&可扩展容量：最大支持1TB&分辨率：2560*1600&类型：娱乐平板&系统：Android&厚度：7.1-9mm&特性：分屏应用&内存容量：128GB&学生模式：含学生模式&支持IPv6：支持IPv6&护眼模式：莱茵认证&CPU核心数：八核&是否支持专用键盘：不支持专用键盘&运行内存：8GB&优选服务：两年质保&家长管控：可管控&屏幕尺寸：8.8英寸&处理器：高通骁龙870&颜色：灰色&,http://img10.360buyimg.com/n1/s450x450_jfs/t1/143716/35/30909/92626/645cc026F9d5ab1b4/6ada4cf263aa24c2.jpg,拯救者Y700 钛晶灰,8+128GB,联想（Lenovo）
33503133625,4999.00,商品名称：AppleiPad&商品编号：33503133625&店铺： 淘果二手商品专营店&商品毛重：1.2kg&货号：-&成色：9成新&标签：功能完好，屏幕完好&尺寸：10.1-12英寸&系统：其他&购买渠道：国行&,http://img10.360buyimg.com/n1/s450x450_jfs/t1/132168/4/32689/149934/645fbb4dFb757aaa6/3e117713522af13a.jpg,准新21款Pro11 128GWiFi深空灰普充,,Apple
100045109167,4599.00,商品名称：AppleiPad（第十代） &商品编号：100045109167&商品毛重：0.88kg&商品产地：中国大陆&屏幕尺寸：10.9英寸&分辨率：2360*1640&类型：学习平板&系统：iPadOS&处理器：A14&支持IPv6：不支持IPv6&运行内存：其他&内存容量：256GB&厚度：7.0mm以下&是否支持专用键盘：支持专用键盘&特性：指纹识别&颜色：蓝色&,http://img12.360buyimg.com/n1/s450x450_jfs/t1/42385/21/20466/24950/63527119E453559bd/1a502d1b94dd7ba2.jpg,蓝色,iPad10代 256G WLAN版,Apple
100056363075,498.00,商品名称：快译通A8&商品编号：100056363075&商品毛重：500.00g&商品产地：中国大陆&屏幕尺寸：8英寸&学生模式：含学生模式&内核：十核&护眼模式：莱茵认证&内存容量：64GB&适用人群：学龄前，小学&运行内存：3GB&接口：Type-C&家长管控：可管控&类型：学生平板&支持IPv6：不支持IPv6&电池容量：4000-5000mAh&,http://img10.360buyimg.com/n1/s450x450_jfs/t1/217886/16/27245/100593/645df04aF7db92723/2977fc16d1cd7733.jpg,X101,,快译通
100021408860,8799.00,商品名称：AppleMHRK3CH/A&商品编号：100021408860&商品毛重：1.45kg&商品产地：中国大陆&CPU核心数：八核&厚度：7.0mm以下&分辨率：2732*2048&是否支持专用键盘：支持专用键盘&类型：娱乐平板&内存容量：512GB&屏幕尺寸：12.9英寸&颜色：灰色&,http://img10.360buyimg.com/n1/s450x450_jfs/t1/181278/25/1625/352369/608b91e9Ee80d8ce0/96628169d4cf041c.jpg,12.9英寸 灰色,5G版 512G,Apple
10065391462807,1018.00,商品名称：小米（MI） Redmi Pad 10.6英寸 90HZ高刷2K高清屏二合一学习娱乐办公游戏平板电脑 4G+128GB 灰色 官方标配&商品编号：10065391462807&店铺： 小米瑞通康顺专卖店&商品毛重：1.0kg&厚度：9.1-11mm&内存容量：8GB&分辨率：2000*1200&类型：二合一平板&支持IPv6：不支持IPv6&运行内存：4GB&系统：Android&颜色：其他&,http://img12.360buyimg.com/n1/jfs/t1/78052/9/25486/58842/64254c49Ff30b68d5/4be02eeed659a07c.png,4G+128GB 灰色,,小米（MI）
10022196868465,6498.00,商品名称：苹果（Apple）iPad Pro 2022款&商品编号：10022196868465&店铺： 疆界旗舰店&商品毛重：2.34kg&内存容量：128GB&分辨率：2388*1668&类型：二合一平板&系统：iPadOS&屏幕尺寸：11英寸&处理器：Apple M2芯片&支持IPv6：不支持IPv6&热门机型：iPad Pro&是否支持专用键盘：支持专用键盘&运行内存：其他&厚度：7.0mm以下&特性：窄边框&颜色：其他&,http://img10.360buyimg.com/n1/jfs/t1/197001/2/34289/92554/645c637bFf16bc336/7f83100a0cd89800.jpg,11  寸 银色 官 方 标 配,128G WLAN版,苹果（Apple）
100026863608,2249.00,商品名称：AppleiPad（第九代） &商品编号：100026863608&商品毛重：0.873kg&商品产地：中国大陆&屏幕尺寸：10.2英寸&是否支持专用键盘：支持专用键盘&类型：学习平板&系统：iPadOS&厚度：7.1-9mm&内存容量：64GB&运行内存：其他&处理器：A13&分辨率：2160*1620&支持IPv6：不支持IPv6&特性：指纹识别&颜色：灰色&,http://img13.360buyimg.com/n1/s450x450_jfs/t1/202937/11/2955/125495/61455b33E77ea78e2/ed9707e2dcec7dd2.jpg,深空灰,64G WLAN版,Apple
10044921963610,1899.00,商品名称：联想（Lenovo）拯救者Y700&商品编号：10044921963610&商品毛重：0.86kg&内存容量：128GB&分辨率：2560*1600&类型：娱乐平板&护眼模式：莱茵认证&系统：Android&处理器：高通骁龙870&运行内存：8GB&支持IPv6：支持IPv6&CPU核心数：八核&屏幕尺寸：8.8英寸&特性：高保真音质&厚度：7.1-9mm&,http://img10.360buyimg.com/n1/s450x450_jfs/t1/121484/25/37477/77910/645daa98F82538b2d/dc32a4ddc4549307.jpg,游戏视野模式 双X轴线性马达 8GB+128GB,,联想（Lenovo）
100052077115,3799.00,商品名称：小度XD-SDB21-2201&商品编号：100052077115&商品毛重：1.94kg&商品产地：中国大陆&内存容量：128GB&学生模式：含学生模式&支持IPv6：支持IPv6&屏幕尺寸：13.3英寸&适用人群：小学，初中生，高中生&运行内存：6GB&接口：Type-C&家长管控：可管控&内核：八核&电池容量：8001-9000mAh&类型：学习机&,http://img10.360buyimg.com/n1/s450x450_jfs/t1/172038/37/37409/112605/645c5b39F6b3f080d/afe2d1df195c7e07.jpg,年度新品-Z20 Pro智学版6+128G,,小度
10057981092632,5799.00,商品名称：苹果（Apple） ipad air5 10.9英寸2022款平板电脑air4升级版 教育WLAN版 紫色 256G【官方标配】&商品编号：10057981092632&店铺： 苹果酷利通专卖店&商品毛重：100.00g&内存容量：256GB&可扩展容量：最大支持256GB&是否支持专用键盘：支持专用键盘&支持IPv6：不支持IPv6&系统：iPadOS&厚度：7.0mm以下&热门机型：iPad Air&CPU核心数：八核&分辨率：2360*1640&运行内存：8GB&类型：二合一平板&颜色：紫色&,http://img12.360buyimg.com/n1/jfs/t1/121550/31/36796/74564/6458bcf7Fb87f59a2/4fd725a2a934602d.jpg,紫色,256G【官方标配】,苹果（Apple）
100029886537,5299.00,商品名称：华为HUAWEI MatePad Pro 11 &商品编号：100029886537&商品毛重：0.962kg&商品产地：中国大陆&屏幕尺寸：11英寸&分辨率：2560*1600&类型：办公平板&系统：HarmonyOS&厚度：7.0mm以下&运行内存：8GB&内存容量：256GB&支持IPv6：支持IPv6&CPU核心数：八核&热门机型：华为 MatePad Pro&颜色：黑色&,http://img12.360buyimg.com/n1/s450x450_jfs/t1/175222/1/29088/44466/6308425fE108fca94/11052e1ace626a0b.jpg,【性能版Pro 11】曜金黑,8+256GB LTE,华为（HUAWEI）
10058541585114,2199.00,商品名称：荣耀（HONOR）荣耀平板8&商品编号：10058541585114&店铺： 千百回数码旗舰店&商品毛重：1.0kg&厚度：7.1-9mm&运行内存：8GB&类型：娱乐平板&支持IPv6：不支持IPv6&内存容量：128GB&系统：Android&分辨率：2000*1200&,http://img14.360buyimg.com/n1/jfs/t1/132326/3/31934/94548/643120e8F54f91da1/87de4055e0d71c68.jpg,8+2G智慧运存+128GB WIFI版 曙光蓝,,荣耀（HONOR）
10046044069290,4498.00,商品名称：苹果（Apple） ipad air5 10.9英寸平板电脑   M1芯片 Air5 【 64G 】 【 灰色 】  WIFI版 【官方标配】&商品编号：10046044069290&店铺： APPLE翔合专卖店&商品毛重：461.00g&商品产地：其他&内存容量：64GB&分辨率：2360*1640&支持IPv6：不支持IPv6&系统：iPadOS&厚度：7.0mm以下&运行内存：其他&类型：其他&特性：指纹识别&颜色：其他&,http://img10.360buyimg.com/n1/jfs/t1/134112/38/35920/15986/6449256aF6d76f19c/d1804a67379ed445.jpg,Air5 【 64G 】 【 灰色 】,WIFI版 【官方标配】,苹果（Apple）
10074337576374,998.00,商品名称：小霸王学生平板 新款8核256G幼儿园小学初中高中同步学生电脑点读机学习机  AR指读（4G+256G）+全科学&商品编号：10074337576374&店铺： 景丰达数码专营店&商品毛重：100.00g&屏幕尺寸：10.1英寸&学生模式：含学生模式&电池容量：4000-5000mAh&适用人群：学龄前，小学，初中生，高中生&运行内存：4GB&接口：Type-C&家长管控：可管控&内存容量：256GB&支持IPv6：不支持IPv6&类型：学习机&,http://img14.360buyimg.com/n1/jfs/t1/188744/9/35004/38823/644b33e6F19376670/b442b74a210191bb.jpg,AR指读（4G+256G）+全科学,,小霸王
10062576151271,3629.00,商品名称：Apple苹果iPad mini5/6 iPadair3/4 2021款iPadPro二手平板电脑 iPad Air5 国行在保 64G WiFi版  99成新&商品编号：10062576151271&店铺： 京创二手电脑专营店&商品毛重：200.00g&商品产地：中国大陆&货号：10045409488816&机身内存：64GB&成色：99成新&功能：高清屏幕&标签：功能完好，配件齐全，电池耐用，带配件&尺寸：10.1-12英寸&系统：iPadOS&购买渠道：国行&,http://img11.360buyimg.com/n1/s450x450_jfs/t1/76362/33/23363/252851/636f2187E9f22f69f/9b66a5d370d39763.png,iPad Air5 国行在保,64G WiFi版,Apple
10054511218882,1099.00,商品名称：联想（Lenovo）小新Pad&商品编号：10054511218882&商品毛重：0.74kg&内存容量：128GB&可扩展容量：最大支持1TB&学生模式：含学生模式&支持IPv6：支持IPv6&护眼模式：莱茵认证&系统：Android&厚度：7.1-9mm&家长管控：可管控&类型：娱乐平板&分辨率：2000*1200&,http://img12.360buyimg.com/n1/s450x450_jfs/t1/88994/24/37206/73703/645daad4Fd72c0378/7bf131b69b0295f4.jpg,10.6英寸 6G+128G 静湖蓝 原装钢化膜套,,联想（Lenovo）
10065818325288,1198.00,商品名称：好记星（Ozing）P108&商品编号：10065818325288&商品毛重：1.09kg&货号：P108&内存容量：256GB&学生模式：含学生模式&附加功能：支持扩展存储卡，支持屏幕手写，拍照学习&电池容量：7001-8000mAh&类型：学习机&适用人群：小学，初中生，高中生&运行内存：6GB&接口：Type-C&家长管控：可管控&内核：八核&屏幕尺寸：10.4英寸&支持IPv6：支持IPv6&,http://img13.360buyimg.com/n1/s450x450_jfs/t1/137040/25/36763/185814/644dceb4Fa4dd8407/1174a281a774d9d8.jpg,10.36英寸【八核+家长管控+学习系统+免费课】,,好记星（Ozing）
10048846896650,1639.00,商品名称：Apple苹果 iPad Air1/Air2/Air3 迷你mini2/4/5 二手平板电脑ipad mini5 64G WiFi版 95成新&商品编号：10048846896650&店铺： 京创二手电脑专营店&商品毛重：1.0kg&商品产地：中国大陆&成色：9成新&尺寸：7.1-9英寸&系统：iPadOS&购买渠道：国行&,http://img10.360buyimg.com/n1/s450x450_jfs/t1/181274/30/28825/73998/636f2183Ee3818860/4c976165a2896ba3.jpg,mini5 64G WiFi版,,Apple
100023029021,2699.00,商品名称：OPPOOPD2101&商品编号：100023029021&商品毛重：1.276kg&商品产地：中国大陆&分辨率：2560*1600&类型：办公平板&系统：Android&厚度：7.1-9mm&热门机型：OPPO Pad&特性：机身防水，分屏应用，窄边框，高保真音质，AI智能语音&屏幕尺寸：11英寸&学生模式：含学生模式&支持IPv6：支持IPv6&护眼模式：莱茵认证&处理器：高通骁龙870&运行内存：8GB&内存容量：256GB&家长管控：可管控&是否支持专用键盘：支持专用键盘&CPU核心数：八核&颜色：紫色&,http://img11.360buyimg.com/n1/s450x450_jfs/t1/223022/6/23444/59074/645c9bcaFc569d7e4/4f13724b32f42d57.jpg,极光紫,8GB+256GB,OPPO
100056375381,2799.00,商品名称：小米23046RP50C&商品编号：100056375381&商品毛重：1.07kg&商品产地：中国大陆&屏幕尺寸：11英寸&是否支持专用键盘：支持专用键盘&类型：办公平板&护眼模式：莱茵认证&系统：Android&支持IPv6：支持IPv6&CPU核心数：八核&内存容量：256GB&热门机型：小米平板&厚度：7.0mm以下&运行内存：8GB&分辨率：2880*1800&特性：分屏应用，窄边框，高保真音质，AI智能语音&颜色：金色&,http://img11.360buyimg.com/n1/s450x450_jfs/t1/223799/31/23505/101754/6454efe2Ff461f23b/9a71e41e3ac79c76.jpg,新【平板6Pro 骁龙8+】金色,8+256GB/144Hz/2.8K,小米（MI）
100013225403,5298.00,商品名称：步步高P20H130&商品编号：100013225403&商品毛重：1.28kg&商品产地：中国大陆&屏幕尺寸：12.7英寸&学生模式：含学生模式&支持IPv6：支持IPv6&类型：学生平板&内存容量：256GB&适用人群：小学，初中生，高中生&运行内存：8GB&接口：Type-C&家长管控：可管控&附加功能：MP3播放，真人发音，摄像头功能&电池容量：8001-9000mAh&内核：八核&,http://img13.360buyimg.com/n1/s450x450_jfs/t1/193426/22/31661/148446/645ded8dF8ad269a3/ef5ff63d3217e7de.jpg,【旗舰S6 8+256G】,,步步高（BBK）
10061557371739,4699.00,商品名称：苹果（Apple）iPad 10代&商品编号：10061557371739&店铺： 疆界旗舰店&商品毛重：0.6kg&屏幕尺寸：10.9英寸&分辨率：2360*1640&支持IPv6：不支持IPv6&系统：iPadOS&厚度：7.0mm以下&运行内存：其他&内存容量：256GB&类型：二合一平板&处理器：A14&特性：分屏应用，指纹识别，窄边框，GPS导航，AI智能语音&颜色：其他&,http://img14.360buyimg.com/n1/jfs/t1/5095/37/22165/53968/6434c7b0Ffb54f775/53b2dca4bf4f6fc9.jpg,粉色,256G【 国 行 标 配 】,苹果（Apple）
100047328490,4298.00,商品名称：AppleiPad（第十代） &商品编号：100047328490&商品毛重：0.88kg&商品产地：中国大陆&屏幕尺寸：10.9英寸&分辨率：2360*1640&类型：学习平板&系统：iPadOS&处理器：A14&支持IPv6：不支持IPv6&运行内存：其他&内存容量：256GB&厚度：7.0mm以下&是否支持专用键盘：支持专用键盘&特性：指纹识别&颜色：粉色&,http://img10.360buyimg.com/n1/s450x450_jfs/t1/114877/27/32365/24935/64183bf9F83caaa0d/082349c02fea4cc3.jpg,粉色,256G Wlan版,Apple
100029886535,3999.00,商品名称：华为HUAWEI MatePad Pro 11 &商品编号：100029886535&商品毛重：0.962kg&商品产地：中国大陆&屏幕尺寸：11英寸&分辨率：2560*1600&类型：办公平板&系统：HarmonyOS&厚度：7.0mm以下&热门机型：华为 MatePad Pro&内存容量：256GB&支持IPv6：支持IPv6&运行内存：8GB&颜色：蓝色&,http://img10.360buyimg.com/n1/s450x450_jfs/t1/143795/22/28734/42997/63086650E97238f2c/adb06314bbac7c14.jpg,【旗舰版Pro 11】星河蓝,8+256GB WiFi,华为（HUAWEI）
10062762600996,6399.00,商品名称：苹果（Apple）22款iPad Pro11&商品编号：10062762600996&店铺： 潮品聚数码旗舰店&商品毛重：1.0kg&内存容量：128GB&是否支持专用键盘：支持专用键盘&支持IPv6：不支持IPv6&类型：二合一平板&系统：iPadOS&CPU核心数：八核&厚度：7.0mm以下&处理器：Apple M2芯片&热门机型：iPad Pro&屏幕尺寸：11英寸&运行内存：8GB&分辨率：2388*1668&特性：5G上网，分屏应用，指纹识别，高保真音质&颜色：灰色&,http://img11.360buyimg.com/n1/jfs/t1/222188/15/26711/91650/64476b3aF973576c0/86a2bd52748865d4.jpg,灰色【 官 方 标 配 】,128G WLAN版,苹果（Apple）
10064879697345,1288.00,商品名称：小米粽S90&商品编号：10064879697345&店铺： 小米粽官方旗舰店&商品毛重：1.6kg&商品产地：中国大陆&屏幕尺寸：12英寸&能效等级：一级能效&学生模式：含学生模式&内存容量：128GB&类型：二合一平板&系统：Android&优选服务：三年质保&支持IPv6：不支持IPv6&厚度：7.0mm以下&CPU核心数：十核&运行内存：12GB&分辨率：2560*1600&家长管控：可管控&是否支持专用键盘：支持专用键盘&特性：5G上网，分屏应用，3G或4G上网，窄边框，GPS导航，高保真音质，AI智能语音&颜色：银色&,http://img10.360buyimg.com/n1/jfs/t1/122368/36/28205/58701/63652a5bE970f2c96/c4626bd7abc6a0bd.jpg,冰霜银,新Pro旗舰12G+128G原装键盘鼠标,小米粽
100041144006,4299.00,商品名称：华为HUAWEI MateBook E Go 2023款&商品编号：100041144006&商品毛重：2.22kg&商品产地：中国大陆&屏幕尺寸：12.3英寸&分辨率：2560*1600&支持IPv6：支持IPv6&系统：Windows&CPU核心数：八核&运行内存：16GB&内存容量：256GB&厚度：7.1-9mm&类型：二合一平板&颜色：灰色&,http://img11.360buyimg.com/n1/s450x450_jfs/t1/114821/5/34405/60490/645c638fF9fdd4852/b932ee8a185de40e.jpg,星云灰+星云灰键盘,【2023版】16+256GB,华为（HUAWEI）
10072669157075,2399.00,商品名称：vivoPA2373&商品编号：10072669157075&店铺： 京东电竞手机官方旗舰店&商品毛重：300.00g&商品产地：中国大陆&货号：PA2373&内存容量：128GB&是否支持专用键盘：支持专用键盘&支持IPv6：不支持IPv6&护眼模式：莱茵认证&系统：Android&厚度：7.1-9mm&分辨率：2800*1968&运行内存：8GB&屏幕尺寸：12.1英寸&家长管控：无管控&类型：娱乐平板&特性：窄边框，AI智能语音&颜色：其他&,http://img10.360buyimg.com/n1/jfs/t1/135612/24/36962/78697/64464f38F2289fca7/e3bde5bb04e5a6a4.jpg,晴海蓝,8GB+128GB,vivo
100032996640,4269.00,商品名称：三星SM-X700&商品编号：100032996640&商品毛重：0.84kg&商品产地：越南&货号：SM-X700NZAACHN&屏幕尺寸：11英寸&是否支持专用键盘：支持专用键盘&支持IPv6：支持IPv6&分辨率：2560*1600&系统：Android&类型：二合一平板&CPU核心数：八核&厚度：7.0mm以下&热门机型：三星Tab S&内存容量：128GB&家长管控：可管控&运行内存：8GB&特性：分屏应用&颜色：灰色&,http://img10.360buyimg.com/n1/s450x450_jfs/t1/219419/5/28805/78910/645dd87bFef801e15/ec3eacf16b14a45b.jpg,深屿灰,8+128G/WIFI,三星（SAMSUNG）
100018572501,5869.00,商品名称：三星SM-X800&商品编号：100018572501&商品毛重：0.95kg&商品产地：越南&货号：SM-X800NZABCHN&屏幕尺寸：其他&能效等级：一级能效&是否支持专用键盘：支持专用键盘&支持IPv6：支持IPv6&厚度：7.0mm以下&系统：Android&分辨率：2560*1600&CPU核心数：八核&类型：二合一平板&热门机型：三星Tab S&内存容量：256GB&家长管控：可管控&运行内存：8GB&特性：分屏应用&颜色：灰色&,http://img11.360buyimg.com/n1/s450x450_jfs/t1/3793/13/22763/87196/645dd88bF27bd440a/63a097ba390acf33.jpg,深屿灰,8+256G/WIFI,三星（SAMSUNG）
100042731252,2299.00,商品名称：AppleiPad（第九代） &商品编号：100042731252&商品毛重：0.887kg&商品产地：中国大陆&内存容量：64GB&是否支持专用键盘：支持专用键盘&类型：其他&系统：iPadOS&厚度：7.1-9mm&屏幕尺寸：10.2英寸&运行内存：其他&处理器：A13&分辨率：2160*1620&支持IPv6：不支持IPv6&特性：指纹识别&颜色：银色&,http://img12.360buyimg.com/n1/s450x450_jfs/t1/170182/25/34259/12630/63d62bb1Ff6cda93e/949aba0fb1e3cdf1.jpg,银色,64G WLAN版,Apple
100022696351,1199.00,商品名称：OPPOOPD2102&商品编号：100022696351&商品毛重：0.897kg&商品产地：中国大陆&内存容量：128GB&支持IPv6：支持IPv6&学生模式：含学生模式&分辨率：2000*1200&类型：学习平板&护眼模式：莱茵认证&系统：Android&CPU核心数：八核&厚度：7.0mm以下&运行内存：4GB&热门机型：OPPO Pad Air&屏幕尺寸：10.36英寸&家长管控：可管控&是否支持专用键盘：支持专用键盘&特性：机身防水，分屏应用，窄边框，高保真音质，AI智能语音&颜色：灰色&,http://img11.360buyimg.com/n1/s450x450_jfs/t1/165408/32/37702/45203/645c9bf2F228012af/4c1ac090e900ffe7.jpg,雾灰,4GB+128GB,OPPO
